experiment_id,cohort,method_id,seed,evaluation_mode,status,gaussian_nll,gaussian_crps,coverage50,coverage80,coverage90,coverage95,width90,interval_score90,mean_absolute_coverage_error,claim_boundary,lineage,row_type,component_label,width50,interval_score50,width80,interval_score80,width95,interval_score95,retained_fraction,retained_transitions,rmse,selection_quantity
KDD098R,respiratory,persistence_locf,3408,one_step,not_available,nan,nan,nan,nan,nan,nan,nan,nan,nan,"Development-only factual logged-action planning-component validation. Action-information deltas are predictive diagnostics, not causal treatment effects. No confirmatory, policy-winner, treatment-benefit, causal, counterfactual, clinical-utility, deployment, or autonomous-decision claim.",KDD097/KDD098R unchanged,,,,,,,,,,,,
KDD098R,respiratory,persistence_locf,3408,recursive,not_available,nan,nan,nan,nan,nan,nan,nan,nan,nan,"Development-only factual logged-action planning-component validation. Action-information deltas are predictive diagnostics, not causal treatment effects. No confirmatory, policy-winner, treatment-benefit, causal, counterfactual, clinical-utility, deployment, or autonomous-decision claim.",KDD097/KDD098R unchanged,,,,,,,,,,,,
KDD098R,respiratory,hgb_residual,3408,one_step,available_gaussian_scoring,1.0528589592115911,0.3634788411696267,0.62531347269257,0.8494446647589649,0.9120450544779164,0.9435363999212574,2.2572020234629,3.2093137677363823,0.048316698002048436,"Development-only factual logged-action planning-component validation. Action-information deltas are predictive diagnostics, not causal treatment effects. No confirmatory, policy-winner, treatment-benefit, causal, counterfactual, clinical-utility, deployment, or autonomous-decision claim.",KDD097/KDD098R unchanged,,,,,,,,,,,,
KDD098R,respiratory,hgb_residual,3408,recursive,available_gaussian_scoring,1.5951683289114855,0.4814249977328651,0.47673811514112335,0.7423917788130975,0.8326747672670317,0.8844879874696513,2.2572020234629,4.307836095831937,0.053426837827274046,"Development-only factual logged-action planning-component validation. Action-information deltas are predictive diagnostics, not causal treatment effects. No confirmatory, policy-winner, treatment-benefit, causal, counterfactual, clinical-utility, deployment, or autonomous-decision claim.",KDD097/KDD098R unchanged,,,,,,,,,,,,
KDD098R,respiratory,hgb_residual,3411,one_step,available_gaussian_scoring,1.052228861345086,0.3634814103170875,0.6247599918974976,0.8499268207093114,0.9119195227511989,0.9436391076976626,2.257192762226542,3.208396322329783,0.04824180691508631,"Development-only factual logged-action planning-component validation. Action-information deltas are predictive diagnostics, not causal treatment effects. No confirmatory, policy-winner, treatment-benefit, causal, counterfactual, clinical-utility, deployment, or autonomous-decision claim.",KDD097/KDD098R unchanged,,,,,,,,,,,,
KDD098R,respiratory,hgb_residual,3411,recursive,available_gaussian_scoring,1.4892576352401188,0.4706831353510967,0.4808692501476424,0.7476384343911283,0.8380783375034593,0.8904250675446279,2.257192762226542,4.126136564431354,0.04824722760328552,"Development-only factual logged-action planning-component validation. Action-information deltas are predictive diagnostics, not causal treatment effects. No confirmatory, policy-winner, treatment-benefit, causal, counterfactual, clinical-utility, deployment, or autonomous-decision claim.",KDD097/KDD098R unchanged,,,,,,,,,,,,
KDD098R,respiratory,hgb_residual,3414,one_step,available_gaussian_scoring,1.0526896296112387,0.3635260274342239,0.6243348958229318,0.8498583488583745,0.9118111089872157,0.9436476666790297,2.2557616921813635,3.2097555725404523,0.048089171747373066,"Development-only factual logged-action planning-component validation. Action-information deltas are predictive diagnostics, not causal treatment effects. No confirmatory, policy-winner, treatment-benefit, causal, counterfactual, clinical-utility, deployment, or autonomous-decision claim.",KDD097/KDD098R unchanged,,,,,,,,,,,,
KDD098R,respiratory,hgb_residual,3414,recursive,available_gaussian_scoring,1.509746401254986,0.47324271367403786,0.475739567314962,0.7452932734965436,0.8368943450810108,0.8898287918427201,2.2557616921813635,4.144828130548719,0.05056100556619088,"Development-only factual logged-action planning-component validation. Action-information deltas are predictive diagnostics, not causal treatment effects. No confirmatory, policy-winner, treatment-benefit, causal, counterfactual, clinical-utility, deployment, or autonomous-decision claim.",KDD097/KDD098R unchanged,,,,,,,,,,,,
KDD098R,respiratory,grud_world_model,3408,one_step,available_gaussian_scoring,0.9179133311981221,0.34820377784482964,0.5853401767144353,0.847176534696684,0.9173459169379389,0.9508600349777039,2.162467136742983,2.895539164435361,0.037680665831690496,"Development-only factual logged-action planning-component validation. Action-information deltas are predictive diagnostics, not causal treatment effects. No confirmatory, policy-winner, treatment-benefit, causal, counterfactual, clinical-utility, deployment, or autonomous-decision claim.",KDD097/KDD098R unchanged,,,,,,,,,,,,
KDD098R,respiratory,grud_world_model,3408,recursive,available_gaussian_scoring,1.3141073942563397,0.4944668541136045,0.5327994430956123,0.8115055533524104,0.8945562025511471,0.9348575928150205,2.7994198818708704,4.064324790036355,0.016222800270463772,"Development-only factual logged-action planning-component validation. Action-information deltas are predictive diagnostics, not causal treatment effects. No confirmatory, policy-winner, treatment-benefit, causal, counterfactual, clinical-utility, deployment, or autonomous-decision claim.",KDD097/KDD098R unchanged,,,,,,,,,,,,
KDD098R,respiratory,grud_world_model,3411,one_step,available_gaussian_scoring,0.9229423700920262,0.34908495436513487,0.5851062312237346,0.8471137688333252,0.9175741564410614,0.9509456247913748,2.176424031125721,2.904033921696987,0.037684945322374014,"Development-only factual logged-action planning-component validation. Action-information deltas are predictive diagnostics, not causal treatment effects. No confirmatory, policy-winner, treatment-benefit, causal, counterfactual, clinical-utility, deployment, or autonomous-decision claim.",KDD097/KDD098R unchanged,,,,,,,,,,,,
KDD098R,respiratory,grud_world_model,3411,recursive,available_gaussian_scoring,1.2542300004796787,0.47158422846827924,0.5692122028250345,0.8368743741244875,0.9150178740060882,0.9511595993255523,2.876964803527955,3.852424288880895,0.030566012570290624,"Development-only factual logged-action planning-component validation. Action-information deltas are predictive diagnostics, not causal treatment effects. No confirmatory, policy-winner, treatment-benefit, causal, counterfactual, clinical-utility, deployment, or autonomous-decision claim.",KDD097/KDD098R unchanged,,,,,,,,,,,,
KDD098R,respiratory,grud_world_model,3414,one_step,available_gaussian_scoring,0.9198480094805047,0.34813491983770095,0.5878422522674168,0.8479411370321447,0.9182217860311718,0.9518072289156626,2.181052841537894,2.8954122826325053,0.038953101061598966,"Development-only factual logged-action planning-component validation. Action-information deltas are predictive diagnostics, not causal treatment effects. No confirmatory, policy-winner, treatment-benefit, causal, counterfactual, clinical-utility, deployment, or autonomous-decision claim.",KDD097/KDD098R unchanged,,,,,,,,,,,,
KDD098R,respiratory,grud_world_model,3414,recursive,available_gaussian_scoring,1.236120073834313,0.46729398383934656,0.5870491199940657,0.8553075669954266,0.9264926150255771,0.9585973541335601,2.9994714653746355,3.810534564861748,0.04436166403715738,"Development-only factual logged-action planning-component validation. Action-information deltas are predictive diagnostics, not causal treatment effects. No confirmatory, policy-winner, treatment-benefit, causal, counterfactual, clinical-utility, deployment, or autonomous-decision claim.",KDD097/KDD098R unchanged,,,,,,,,,,,,
KDD098R,respiratory,transformer_world_model,3408,one_step,available_gaussian_scoring,0.9224242172218917,0.3444695837735561,0.5807012088134684,0.8455845641624038,0.9175056845901246,0.9509113888659064,2.132300541302319,2.8517564696426856,0.03617571160797581,"Development-only factual logged-action planning-component validation. Action-information deltas are predictive diagnostics, not causal treatment effects. No confirmatory, policy-winner, treatment-benefit, causal, counterfactual, clinical-utility, deployment, or autonomous-decision claim.",KDD097/KDD098R unchanged,,,,,,,,,,,,
KDD098R,respiratory,transformer_world_model,3408,recursive,available_gaussian_scoring,2.585226046186298,0.6045304532265444,0.43364649695157614,0.6853147850697129,0.7785905640083421,0.8338216707702227,2.48465388614836,5.871933151641484,0.10465662080003653,"Development-only factual logged-action planning-component validation. Action-information deltas are predictive diagnostics, not causal treatment effects. No confirmatory, policy-winner, treatment-benefit, causal, counterfactual, clinical-utility, deployment, or autonomous-decision claim.",KDD097/KDD098R unchanged,,,,,,,,,,,,
KDD098R,respiratory,transformer_world_model,3411,one_step,available_gaussian_scoring,0.9203168869774943,0.3448815840611962,0.5846411932361223,0.846209369802202,0.9175085375839137,0.9509427717975858,2.139408190488743,2.8625678920930957,0.03732546810495593,"Development-only factual logged-action planning-component validation. Action-information deltas are predictive diagnostics, not causal treatment effects. No confirmatory, policy-winner, treatment-benefit, causal, counterfactual, clinical-utility, deployment, or autonomous-decision claim.",KDD097/KDD098R unchanged,,,,,,,,,,,,
KDD098R,respiratory,transformer_world_model,3411,recursive,available_gaussian_scoring,3.6344112753718028,0.6112992446834863,0.39856323232784324,0.6502885803217606,0.752522759757952,0.8185153590920633,2.3866898779689234,5.653604006384757,0.1325275171250952,"Development-only factual logged-action planning-component validation. Action-information deltas are predictive diagnostics, not causal treatment effects. No confirmatory, policy-winner, treatment-benefit, causal, counterfactual, clinical-utility, deployment, or autonomous-decision claim.",KDD097/KDD098R unchanged,,,,,,,,,,,,
KDD098R,respiratory,transformer_world_model,3414,one_step,available_gaussian_scoring,0.9117054283801914,0.3437222150672263,0.5821419706769299,0.8455018273425219,0.9169322328385291,0.9503350841205219,2.1280853695502717,2.8517839169777854,0.03622777874462568,"Development-only factual logged-action planning-component validation. Action-information deltas are predictive diagnostics, not causal treatment effects. No confirmatory, policy-winner, treatment-benefit, causal, counterfactual, clinical-utility, deployment, or autonomous-decision claim.",KDD097/KDD098R unchanged,,,,,,,,,,,,
KDD098R,respiratory,transformer_world_model,3414,recursive,available_gaussian_scoring,3.2751095529196617,0.6425310197383999,0.4266252792367671,0.6790695816655207,0.7753010621695876,0.834888690447321,2.6153645300987223,6.019916329750841,0.10852884662020093,"Development-only factual logged-action planning-component validation. Action-information deltas are predictive diagnostics, not causal treatment effects. No confirmatory, policy-winner, treatment-benefit, causal, counterfactual, clinical-utility, deployment, or autonomous-decision claim.",KDD097/KDD098R unchanged,,,,,,,,,,,,
KDD098R,respiratory,dreamer_v3_categorical_rssm,3408,one_step,available_gaussian_scoring,1.0278642680672885,0.3838078335110179,0.6091569688652788,0.84586130455994,0.9126327711984571,0.9452653141574111,2.372420376871863,3.2839108974760887,0.04309643261656618,"Development-only factual logged-action planning-component validation. Action-information deltas are predictive diagnostics, not causal treatment effects. No confirmatory, policy-winner, treatment-benefit, causal, counterfactual, clinical-utility, deployment, or autonomous-decision claim.",KDD097/KDD098R unchanged,,,,,,,,,,,,
KDD098R,respiratory,dreamer_v3_categorical_rssm,3408,recursive,available_gaussian_scoring,2.016989650291969,0.5886315037422795,0.4155898992607893,0.6668901511801408,0.7658262697962106,0.8267519521610002,2.344357351919557,5.589931898930526,0.11873543190046477,"Development-only factual logged-action planning-component validation. Action-information deltas are predictive diagnostics, not causal treatment effects. No confirmatory, policy-winner, treatment-benefit, causal, counterfactual, clinical-utility, deployment, or autonomous-decision claim.",KDD097/KDD098R unchanged,,,,,,,,,,,,
KDD098R,respiratory,dreamer_v3_categorical_rssm,3411,one_step,available_gaussian_scoring,1.021303394569651,0.3831669416552834,0.608301070728569,0.844289304982183,0.9114573377573757,0.9442239714244142,2.359936533197238,3.2820771430162363,0.042455935510928355,"Development-only factual logged-action planning-component validation. Action-information deltas are predictive diagnostics, not causal treatment effects. No confirmatory, policy-winner, treatment-benefit, causal, counterfactual, clinical-utility, deployment, or autonomous-decision claim.",KDD097/KDD098R unchanged,,,,,,,,,,,,
KDD098R,respiratory,dreamer_v3_categorical_rssm,3411,recursive,available_gaussian_scoring,1.9874253009545029,0.5826863353956807,0.42304191903774224,0.6741709913297519,0.7718660576475925,0.8318844879874696,2.344236628567392,5.520237720852231,0.11225913599936094,"Development-only factual logged-action planning-component validation. Action-information deltas are predictive diagnostics, not causal treatment effects. No confirmatory, policy-winner, treatment-benefit, causal, counterfactual, clinical-utility, deployment, or autonomous-decision claim.",KDD097/KDD098R unchanged,,,,,,,,,,,,
KDD098R,respiratory,dreamer_v3_categorical_rssm,3414,one_step,available_gaussian_scoring,1.0366664200867473,0.3847007817842584,0.6096134478715239,0.8451851450319393,0.9120507604654945,0.9450998405176472,2.3833467274105495,3.2916287934818693,0.042937378212827615,"Development-only factual logged-action planning-component validation. Action-information deltas are predictive diagnostics, not causal treatment effects. No confirmatory, policy-winner, treatment-benefit, causal, counterfactual, clinical-utility, deployment, or autonomous-decision claim.",KDD097/KDD098R unchanged,,,,,,,,,,,,
KDD098R,respiratory,dreamer_v3_categorical_rssm,3414,recursive,available_gaussian_scoring,2.0283179970155714,0.5957028324902861,0.4177467625652979,0.6685562995529358,0.7672927086037734,0.8276363802356003,2.3690182642240596,5.681210588572095,0.11719196226059815,"Development-only factual logged-action planning-component validation. Action-information deltas are predictive diagnostics, not causal treatment effects. No confirmatory, policy-winner, treatment-benefit, causal, counterfactual, clinical-utility, deployment, or autonomous-decision claim.",KDD097/KDD098R unchanged,,,,,,,,,,,,
KDD098R,respiratory,gaussian_transition_ensemble,3408;3411;3414,one_step,available_gaussian_scoring,0.9041684472038714,0.3457701097773694,0.5974768122929797,0.855684162175579,0.9232287901309238,0.9548599322699275,2.1944021058665073,2.8785419692568164,0.04531242421735249,"Development-only factual logged-action planning-component validation. Action-information deltas are predictive diagnostics, not causal treatment effects. No confirmatory, policy-winner, treatment-benefit, causal, counterfactual, clinical-utility, deployment, or autonomous-decision claim.",KDD097/KDD098R unchanged,,,,,,,,,,,,
KDD098R,respiratory,gaussian_transition_ensemble,3408;3411;3414,recursive,available_gaussian_scoring,1.218314837481887,0.45804908104785375,0.6032798016598718,0.8683371896299382,0.9345922643926404,0.9636328881712024,3.0174758337429273,3.7586842085084813,0.054960535963413215,"Development-only factual logged-action planning-component validation. Action-information deltas are predictive diagnostics, not causal treatment effects. No confirmatory, policy-winner, treatment-benefit, causal, counterfactual, clinical-utility, deployment, or autonomous-decision claim.",KDD097/KDD098R unchanged,,,,,,,,,,,,
KDD098R,shock,persistence_locf,3408,one_step,not_available,nan,nan,nan,nan,nan,nan,nan,nan,nan,"Development-only factual logged-action planning-component validation. Action-information deltas are predictive diagnostics, not causal treatment effects. No confirmatory, policy-winner, treatment-benefit, causal, counterfactual, clinical-utility, deployment, or autonomous-decision claim.",KDD097/KDD098R unchanged,,,,,,,,,,,,
KDD098R,shock,persistence_locf,3408,recursive,not_available,nan,nan,nan,nan,nan,nan,nan,nan,nan,"Development-only factual logged-action planning-component validation. Action-information deltas are predictive diagnostics, not causal treatment effects. No confirmatory, policy-winner, treatment-benefit, causal, counterfactual, clinical-utility, deployment, or autonomous-decision claim.",KDD097/KDD098R unchanged,,,,,,,,,,,,
KDD098R,shock,hgb_residual,3408,one_step,available_gaussian_scoring,1.0565360088292717,0.36889571579430364,0.632908515420597,0.8562741290499621,0.9166986118006373,0.9464903295271492,2.3359090598337673,3.2663111448902313,0.052347731686011784,"Development-only factual logged-action planning-component validation. Action-information deltas are predictive diagnostics, not causal treatment effects. No confirmatory, policy-winner, treatment-benefit, causal, counterfactual, clinical-utility, deployment, or autonomous-decision claim.",KDD097/KDD098R unchanged,,,,,,,,,,,,
KDD098R,shock,hgb_residual,3408,recursive,available_gaussian_scoring,1.5113100776898523,0.4853859671919103,0.47605581286226306,0.7468217210152897,0.8376192181925967,0.8889419562152662,2.3359090598337673,4.259405928492101,0.05014032292864612,"Development-only factual logged-action planning-component validation. Action-information deltas are predictive diagnostics, not causal treatment effects. No confirmatory, policy-winner, treatment-benefit, causal, counterfactual, clinical-utility, deployment, or autonomous-decision claim.",KDD097/KDD098R unchanged,,,,,,,,,,,,
KDD098R,shock,hgb_residual,3411,one_step,available_gaussian_scoring,1.0563459338361272,0.36879698280976736,0.6325115578542087,0.8556834059168672,0.9170494845835926,0.9464924242900324,2.3336539360599673,3.26650489683105,0.05218800601615897,"Development-only factual logged-action planning-component validation. Action-information deltas are predictive diagnostics, not causal treatment effects. No confirmatory, policy-winner, treatment-benefit, causal, counterfactual, clinical-utility, deployment, or autonomous-decision claim.",KDD097/KDD098R unchanged,,,,,,,,,,,,
KDD098R,shock,hgb_residual,3411,recursive,available_gaussian_scoring,1.5101371389101776,0.4862852125203851,0.4787863362806647,0.745611995450175,0.8362220113494253,0.88751647007317,2.3336539360599673,4.304393810205737,0.05046579671164125,"Development-only factual logged-action planning-component validation. Action-information deltas are predictive diagnostics, not causal treatment effects. No confirmatory, policy-winner, treatment-benefit, causal, counterfactual, clinical-utility, deployment, or autonomous-decision claim.",KDD097/KDD098R unchanged,,,,,,,,,,,,
KDD098R,shock,hgb_residual,3414,one_step,available_gaussian_scoring,1.056814205596392,0.3691003843827634,0.6333976425538511,0.8552424583299293,0.9169154197590603,0.9464065390118166,2.3387181368474463,3.2698977132781324,0.052287245407756006,"Development-only factual logged-action planning-component validation. Action-information deltas are predictive diagnostics, not causal treatment effects. No confirmatory, policy-winner, treatment-benefit, causal, counterfactual, clinical-utility, deployment, or autonomous-decision claim.",KDD097/KDD098R unchanged,,,,,,,,,,,,
KDD098R,shock,hgb_residual,3414,recursive,available_gaussian_scoring,1.4860949664649525,0.48238951236233907,0.48290987701647115,0.7497491521447229,0.8392300908498662,0.891255621819888,2.3387181368474463,4.239732501819573,0.04671381454226292,"Development-only factual logged-action planning-component validation. Action-information deltas are predictive diagnostics, not causal treatment effects. No confirmatory, policy-winner, treatment-benefit, causal, counterfactual, clinical-utility, deployment, or autonomous-decision claim.",KDD097/KDD098R unchanged,,,,,,,,,,,,
KDD098R,shock,grud_world_model,3408,one_step,available_gaussian_scoring,0.9277809131228342,0.35058803844082664,0.5744572993060051,0.8388383701906863,0.9130746720125016,0.9481252919575769,2.1321652732948,2.9072526397829046,0.032061262387903994,"Development-only factual logged-action planning-component validation. Action-information deltas are predictive diagnostics, not causal treatment effects. No confirmatory, policy-winner, treatment-benefit, causal, counterfactual, clinical-utility, deployment, or autonomous-decision claim.",KDD097/KDD098R unchanged,,,,,,,,,,,,
KDD098R,shock,grud_world_model,3408,recursive,available_gaussian_scoring,1.32842545478556,0.4945668617710186,0.5203160578238346,0.8069529369623005,0.8880558715156238,0.9298432488934415,2.77982868604842,4.096114094014274,0.014842468594267438,"Development-only factual logged-action planning-component validation. Action-information deltas are predictive diagnostics, not causal treatment effects. No confirmatory, policy-winner, treatment-benefit, causal, counterfactual, clinical-utility, deployment, or autonomous-decision claim.",KDD097/KDD098R unchanged,,,,,,,,,,,,
KDD098R,shock,grud_world_model,3411,one_step,available_gaussian_scoring,0.929720832325881,0.3521551289984777,0.5767961020652267,0.8389713876337768,0.9131668415793674,0.948195466514168,2.1421059712647446,2.9238112707093498,0.032684716191050706,"Development-only factual logged-action planning-component validation. Action-information deltas are predictive diagnostics, not causal treatment effects. No confirmatory, policy-winner, treatment-benefit, causal, counterfactual, clinical-utility, deployment, or autonomous-decision claim.",KDD097/KDD098R unchanged,,,,,,,,,,,,
KDD098R,shock,grud_world_model,3411,recursive,available_gaussian_scoring,1.318623449036632,0.5000841389122209,0.5317597474553868,0.813756726807309,0.8964359704303272,0.9369549688822973,2.8528810066433725,4.101167067006849,0.015531383737517807,"Development-only factual logged-action planning-component validation. Action-information deltas are predictive diagnostics, not causal treatment effects. No confirmatory, policy-winner, treatment-benefit, causal, counterfactual, clinical-utility, deployment, or autonomous-decision claim.",KDD097/KDD098R unchanged,,,,,,,,,,,,
KDD098R,shock,grud_world_model,3414,one_step,available_gaussian_scoring,0.9283683319896125,0.35099270753632267,0.5794375980610875,0.8411572727025164,0.9140759686707263,0.9483588580190665,2.147383104827596,2.9221176138359812,0.03407799535381589,"Development-only factual logged-action planning-component validation. Action-information deltas are predictive diagnostics, not causal treatment effects. No confirmatory, policy-winner, treatment-benefit, causal, counterfactual, clinical-utility, deployment, or autonomous-decision claim.",KDD097/KDD098R unchanged,,,,,,,,,,,,
KDD098R,shock,grud_world_model,3414,recursive,available_gaussian_scoring,1.3644465103913277,0.5010190421924268,0.5100234403966643,0.792986105437795,0.879772131693553,0.9239789602016,2.7306214125276655,4.159249849547927,0.015821560765929082,"Development-only factual logged-action planning-component validation. Action-information deltas are predictive diagnostics, not causal treatment effects. No confirmatory, policy-winner, treatment-benefit, causal, counterfactual, clinical-utility, deployment, or autonomous-decision claim.",KDD097/KDD098R unchanged,,,,,,,,,,,,
KDD098R,shock,transformer_world_model,3408,one_step,available_gaussian_scoring,0.9439388948710628,0.3464533437257525,0.5723070252062817,0.8382528839647996,0.9126085872709638,0.9477628979787633,2.097509079863243,2.8689853124994675,0.031351399615820424,"Development-only factual logged-action planning-component validation. Action-information deltas are predictive diagnostics, not causal treatment effects. No confirmatory, policy-winner, treatment-benefit, causal, counterfactual, clinical-utility, deployment, or autonomous-decision claim.",KDD097/KDD098R unchanged,,,,,,,,,,,,
KDD098R,shock,transformer_world_model,3408,recursive,available_gaussian_scoring,10.38715891142805,0.8300808542029109,0.39538439946290277,0.6270107105226224,0.7198034693462874,0.7808972288381817,2.99163677146178,8.273868755593575,0.15672604795750145,"Development-only factual logged-action planning-component validation. Action-information deltas are predictive diagnostics, not causal treatment effects. No confirmatory, policy-winner, treatment-benefit, causal, counterfactual, clinical-utility, deployment, or autonomous-decision claim.",KDD097/KDD098R unchanged,,,,,,,,,,,,
KDD098R,shock,transformer_world_model,3411,one_step,available_gaussian_scoring,0.9438464513575583,0.3478716622116052,0.5729092695352349,0.8383628590161737,0.9125614551060892,0.9480561647824275,2.1164485747674893,2.8804174066433923,0.03144435471876755,"Development-only factual logged-action planning-component validation. Action-information deltas are predictive diagnostics, not causal treatment effects. No confirmatory, policy-winner, treatment-benefit, causal, counterfactual, clinical-utility, deployment, or autonomous-decision claim.",KDD097/KDD098R unchanged,,,,,,,,,,,,
KDD098R,shock,transformer_world_model,3411,recursive,available_gaussian_scoring,9.356867880446506,0.6408898898967078,0.4316855928493174,0.686588909068438,0.7831868046696454,0.8425083947622549,2.7548255553718386,5.78798465583184,0.10150757466258609,"Development-only factual logged-action planning-component validation. Action-information deltas are predictive diagnostics, not causal treatment effects. No confirmatory, policy-winner, treatment-benefit, causal, counterfactual, clinical-utility, deployment, or autonomous-decision claim.",KDD097/KDD098R unchanged,,,,,,,,,,,,
KDD098R,shock,transformer_world_model,3414,one_step,available_gaussian_scoring,0.9233220318685288,0.3478944915638374,0.5726610401335621,0.8379899912229435,0.9123854950238908,0.9479870376072781,2.106264446844998,2.876428032251753,0.03126237219327954,"Development-only factual logged-action planning-component validation. Action-information deltas are predictive diagnostics, not causal treatment effects. No confirmatory, policy-winner, treatment-benefit, causal, counterfactual, clinical-utility, deployment, or autonomous-decision claim.",KDD097/KDD098R unchanged,,,,,,,,,,,,
KDD098R,shock,transformer_world_model,3414,recursive,available_gaussian_scoring,3.751838262998971,0.6829708388350082,0.472708381774725,0.7089798295281966,0.7933128884475922,0.8453824094381637,3.0694567412432576,6.662322378489157,0.08240412270283064,"Development-only factual logged-action planning-component validation. Action-information deltas are predictive diagnostics, not causal treatment effects. No confirmatory, policy-winner, treatment-benefit, causal, counterfactual, clinical-utility, deployment, or autonomous-decision claim.",KDD097/KDD098R unchanged,,,,,,,,,,,,
KDD098R,shock,dreamer_v3_categorical_rssm,3408,one_step,available_gaussian_scoring,1.0147236119855432,0.381456127436928,0.6008900647491208,0.8404031580645229,0.9108783131293453,0.9438519756756134,2.3211288138819346,3.2638199894458118,0.03957989006684387,"Development-only factual logged-action planning-component validation. Action-information deltas are predictive diagnostics, not causal treatment effects. No confirmatory, policy-winner, treatment-benefit, causal, counterfactual, clinical-utility, deployment, or autonomous-decision claim.",KDD097/KDD098R unchanged,,,,,,,,,,,,
KDD098R,shock,dreamer_v3_categorical_rssm,3408,recursive,available_gaussian_scoring,1.9937938469307437,0.5647060480673093,0.41868654177690356,0.6669861180063723,0.7681286016829325,0.8301691939980854,2.2739187718616085,5.254090900784434,0.11650738613392655,"Development-only factual logged-action planning-component validation. Action-information deltas are predictive diagnostics, not causal treatment effects. No confirmatory, policy-winner, treatment-benefit, causal, counterfactual, clinical-utility, deployment, or autonomous-decision claim.",KDD097/KDD098R unchanged,,,,,,,,,,,,
KDD098R,shock,dreamer_v3_categorical_rssm,3411,one_step,available_gaussian_scoring,1.0201124122151295,0.38140259678988664,0.6004313116776746,0.8387954275515783,0.9105159191505318,0.9434036964185839,2.3160139137769966,3.2616014748450466,0.03908474049030017,"Development-only factual logged-action planning-component validation. Action-information deltas are predictive diagnostics, not causal treatment effects. No confirmatory, policy-winner, treatment-benefit, causal, counterfactual, clinical-utility, deployment, or autonomous-decision claim.",KDD097/KDD098R unchanged,,,,,,,,,,,,
KDD098R,shock,dreamer_v3_categorical_rssm,3411,recursive,available_gaussian_scoring,2.0288807206077877,0.5582654481228256,0.421442202349905,0.670098935650979,0.7703019181743722,0.8315737325113484,2.262782951959329,5.206315568789074,0.11414580282834887,"Development-only factual logged-action planning-component validation. Action-information deltas are predictive diagnostics, not causal treatment effects. No confirmatory, policy-winner, treatment-benefit, causal, counterfactual, clinical-utility, deployment, or autonomous-decision claim.",KDD097/KDD098R unchanged,,,,,,,,,,,,
KDD098R,shock,dreamer_v3_categorical_rssm,3414,one_step,available_gaussian_scoring,1.0165021237384828,0.38195409327767693,0.6020736057781939,0.8403308887450485,0.9106541735008306,0.943593272459524,2.329344001959045,3.2725679627841995,0.039866348891137215,"Development-only factual logged-action planning-component validation. Action-information deltas are predictive diagnostics, not causal treatment effects. No confirmatory, policy-winner, treatment-benefit, causal, counterfactual, clinical-utility, deployment, or autonomous-decision claim.",KDD097/KDD098R unchanged,,,,,,,,,,,,
KDD098R,shock,dreamer_v3_categorical_rssm,3414,recursive,available_gaussian_scoring,1.986603580310213,0.5656997250936212,0.4201476388880161,0.667516093015851,0.7681788759921321,0.8291930344944604,2.278274444646679,5.289273857065173,0.11624108940238512,"Development-only factual logged-action planning-component validation. Action-information deltas are predictive diagnostics, not causal treatment effects. No confirmatory, policy-winner, treatment-benefit, causal, counterfactual, clinical-utility, deployment, or autonomous-decision claim.",KDD097/KDD098R unchanged,,,,,,,,,,,,
KDD098R,shock,gaussian_transition_ensemble,3408;3411;3414,one_step,available_gaussian_scoring,0.9103484950421791,0.3486355047990783,0.5883728091398694,0.848104553805032,0.9193191601676648,0.9523399548788075,2.1607836836720478,2.8963239001838526,0.03953411949784344,"Development-only factual logged-action planning-component validation. Action-information deltas are predictive diagnostics, not causal treatment effects. No confirmatory, policy-winner, treatment-benefit, causal, counterfactual, clinical-utility, deployment, or autonomous-decision claim.",KDD097/KDD098R unchanged,,,,,,,,,,,,
KDD098R,shock,gaussian_transition_ensemble,3408;3411;3414,recursive,available_gaussian_scoring,1.2383824709816538,0.46979996256770606,0.5720148057840593,0.8543637053003785,0.9260349699715741,0.9579853408493425,2.9627768340817564,3.8162735457430115,0.04009970547633859,"Development-only factual logged-action planning-component validation. Action-information deltas are predictive diagnostics, not causal treatment effects. No confirmatory, policy-winner, treatment-benefit, causal, counterfactual, clinical-utility, deployment, or autonomous-decision claim.",KDD097/KDD098R unchanged,,,,,,,,,,,,
KDD098R,aki,persistence_locf,3408,one_step,not_available,nan,nan,nan,nan,nan,nan,nan,nan,nan,"Development-only factual logged-action planning-component validation. Action-information deltas are predictive diagnostics, not causal treatment effects. No confirmatory, policy-winner, treatment-benefit, causal, counterfactual, clinical-utility, deployment, or autonomous-decision claim.",KDD097/KDD098R unchanged,,,,,,,,,,,,
KDD098R,aki,persistence_locf,3408,recursive,not_available,nan,nan,nan,nan,nan,nan,nan,nan,nan,"Development-only factual logged-action planning-component validation. Action-information deltas are predictive diagnostics, not causal treatment effects. No confirmatory, policy-winner, treatment-benefit, causal, counterfactual, clinical-utility, deployment, or autonomous-decision claim.",KDD097/KDD098R unchanged,,,,,,,,,,,,
KDD098R,aki,hgb_residual,3408,one_step,available_gaussian_scoring,0.9934238434378705,0.3457625402792159,0.6588677278551108,0.8701861061043671,0.9249755695020522,0.9513083888900953,2.2969292923957245,3.1344413965244153,0.06383444808790634,"Development-only factual logged-action planning-component validation. Action-information deltas are predictive diagnostics, not causal treatment effects. No confirmatory, policy-winner, treatment-benefit, causal, counterfactual, clinical-utility, deployment, or autonomous-decision claim.",KDD097/KDD098R unchanged,,,,,,,,,,,,
KDD098R,aki,hgb_residual,3408,recursive,available_gaussian_scoring,1.5266946254998757,0.4725017608941456,0.4721926643358162,0.7465525852895828,0.8367456405133662,0.8875437034463289,2.2969292923957245,4.176862211380048,0.051741351603726476,"Development-only factual logged-action planning-component validation. Action-information deltas are predictive diagnostics, not causal treatment effects. No confirmatory, policy-winner, treatment-benefit, causal, counterfactual, clinical-utility, deployment, or autonomous-decision claim.",KDD097/KDD098R unchanged,,,,,,,,,,,,
KDD098R,aki,hgb_residual,3411,one_step,available_gaussian_scoring,0.9923159498914418,0.3454250333946603,0.6585550174813786,0.8695802297552607,0.924274142760972,0.9510195661143565,2.293036438771211,3.1284817082291396,0.06335723902799192,"Development-only factual logged-action planning-component validation. Action-information deltas are predictive diagnostics, not causal treatment effects. No confirmatory, policy-winner, treatment-benefit, causal, counterfactual, clinical-utility, deployment, or autonomous-decision claim.",KDD097/KDD098R unchanged,,,,,,,,,,,,
KDD098R,aki,hgb_residual,3411,recursive,available_gaussian_scoring,1.550046191638539,0.48613001073447915,0.4620143759907924,0.7290668635583835,0.8192034571869096,0.8742209385654411,2.293036438771211,4.330858648109226,0.06637359117461836,"Development-only factual logged-action planning-component validation. Action-information deltas are predictive diagnostics, not causal treatment effects. No confirmatory, policy-winner, treatment-benefit, causal, counterfactual, clinical-utility, deployment, or autonomous-decision claim.",KDD097/KDD098R unchanged,,,,,,,,,,,,
KDD098R,aki,hgb_residual,3414,one_step,available_gaussian_scoring,0.9917082739097739,0.3453556857878564,0.6600925101522291,0.8700210645182306,0.9247128059241243,0.9512823296922843,2.2934189104543115,3.1304435402833852,0.06402717757171708,"Development-only factual logged-action planning-component validation. Action-information deltas are predictive diagnostics, not causal treatment effects. No confirmatory, policy-winner, treatment-benefit, causal, counterfactual, clinical-utility, deployment, or autonomous-decision claim.",KDD097/KDD098R unchanged,,,,,,,,,,,,
KDD098R,aki,hgb_residual,3414,recursive,available_gaussian_scoring,1.5443057934505182,0.4797243301743046,0.4827292666507416,0.7402071706225977,0.8316640969402158,0.8834589241894504,2.2934189104543115,4.273446966937814,0.05298513539924864,"Development-only factual logged-action planning-component validation. Action-information deltas are predictive diagnostics, not causal treatment effects. No confirmatory, policy-winner, treatment-benefit, causal, counterfactual, clinical-utility, deployment, or autonomous-decision claim.",KDD097/KDD098R unchanged,,,,,,,,,,,,
KDD098R,aki,grud_world_model,3408,one_step,available_gaussian_scoring,0.8610053867391463,0.33041324057937127,0.6094942344024843,0.8561814588807575,0.9223457621229559,0.9534908467067689,2.1100714267423393,2.807088528744552,0.04787807552824164,"Development-only factual logged-action planning-component validation. Action-information deltas are predictive diagnostics, not causal treatment effects. No confirmatory, policy-winner, treatment-benefit, causal, counterfactual, clinical-utility, deployment, or autonomous-decision claim.",KDD097/KDD098R unchanged,,,,,,,,,,,,
KDD098R,aki,grud_world_model,3408,recursive,available_gaussian_scoring,1.2840719547297872,0.4818166394880298,0.5397294186627288,0.8184542552498426,0.9014810310755934,0.9402397446198615,2.8178553816637,3.9376390567291164,0.017356240092075814,"Development-only factual logged-action planning-component validation. Action-information deltas are predictive diagnostics, not causal treatment effects. No confirmatory, policy-winner, treatment-benefit, causal, counterfactual, clinical-utility, deployment, or autonomous-decision claim.",KDD097/KDD098R unchanged,,,,,,,,,,,,
KDD098R,aki,grud_world_model,3411,one_step,available_gaussian_scoring,0.852812543236326,0.3297424674634252,0.604894785988838,0.8554387717431432,0.9221199157419271,0.9534300419118765,2.1015834074406485,2.794835728212039,0.046470878846446184,"Development-only factual logged-action planning-component validation. Action-information deltas are predictive diagnostics, not causal treatment effects. No confirmatory, policy-winner, treatment-benefit, causal, counterfactual, clinical-utility, deployment, or autonomous-decision claim.",KDD097/KDD098R unchanged,,,,,,,,,,,,
KDD098R,aki,grud_world_model,3411,recursive,available_gaussian_scoring,1.3246743490569886,0.4952056777637741,0.5627288323307781,0.8290364611609372,0.9041151816543247,0.9410692957501792,2.9718388975273657,4.135223640115187,0.026202794848965177,"Development-only factual logged-action planning-component validation. Action-information deltas are predictive diagnostics, not causal treatment effects. No confirmatory, policy-winner, treatment-benefit, causal, counterfactual, clinical-utility, deployment, or autonomous-decision claim.",KDD097/KDD098R unchanged,,,,,,,,,,,,
KDD098R,aki,grud_world_model,3414,one_step,available_gaussian_scoring,0.8573187314754218,0.3302250279541168,0.6075549957653803,0.8566179504440922,0.922754022888662,0.9537232078872505,2.1138031137551607,2.8063652106795396,0.04766254424634625,"Development-only factual logged-action planning-component validation. Action-information deltas are predictive diagnostics, not causal treatment effects. No confirmatory, policy-winner, treatment-benefit, causal, counterfactual, clinical-utility, deployment, or autonomous-decision claim.",KDD097/KDD098R unchanged,,,,,,,,,,,,
KDD098R,aki,grud_world_model,3414,recursive,available_gaussian_scoring,1.3223573668843593,0.5042644521961247,0.55935416621425,0.8287519815848335,0.9059610414992725,0.9456796021629135,3.078864689744462,4.139680256939801,0.024596896783860622,"Development-only factual logged-action planning-component validation. Action-information deltas are predictive diagnostics, not causal treatment effects. No confirmatory, policy-winner, treatment-benefit, causal, counterfactual, clinical-utility, deployment, or autonomous-decision claim.",KDD097/KDD098R unchanged,,,,,,,,,,,,
KDD098R,aki,transformer_world_model,3408,one_step,available_gaussian_scoring,0.8379997222215955,0.326215487547893,0.60380464288041,0.8554756889400421,0.922245868531347,0.9539034506721101,2.078469966982028,2.7581927947262193,0.04635741275597732,"Development-only factual logged-action planning-component validation. Action-information deltas are predictive diagnostics, not causal treatment effects. No confirmatory, policy-winner, treatment-benefit, causal, counterfactual, clinical-utility, deployment, or autonomous-decision claim.",KDD097/KDD098R unchanged,,,,,,,,,,,,
KDD098R,aki,transformer_world_model,3408,recursive,available_gaussian_scoring,2.4200654929145378,0.8835497018966503,0.4397033594649178,0.6578991943364677,0.7352038046428804,0.7851028252513627,3.0257740638325776,9.523406341283733,0.13302270407609287,"Development-only factual logged-action planning-component validation. Action-information deltas are predictive diagnostics, not causal treatment effects. No confirmatory, policy-winner, treatment-benefit, causal, counterfactual, clinical-utility, deployment, or autonomous-decision claim.",KDD097/KDD098R unchanged,,,,,,,,,,,,
KDD098R,aki,transformer_world_model,3411,one_step,available_gaussian_scoring,0.8491275954157981,0.32755499788844133,0.6055592955330191,0.856194488479663,0.9221351169406502,0.9536515450932702,2.09429189862464,2.7810750846411634,0.04688511151165062,"Development-only factual logged-action planning-component validation. Action-information deltas are predictive diagnostics, not causal treatment effects. No confirmatory, policy-winner, treatment-benefit, causal, counterfactual, clinical-utility, deployment, or autonomous-decision claim.",KDD097/KDD098R unchanged,,,,,,,,,,,,
KDD098R,aki,transformer_world_model,3411,recursive,available_gaussian_scoring,3.0866884003095825,0.9320330442907937,0.43818975439206065,0.6526808399748094,0.7257160850398489,0.7716237051836088,3.1608274968169203,10.599009551294213,0.14044740385241808,"Development-only factual logged-action planning-component validation. Action-information deltas are predictive diagnostics, not causal treatment effects. No confirmatory, policy-winner, treatment-benefit, causal, counterfactual, clinical-utility, deployment, or autonomous-decision claim.",KDD097/KDD098R unchanged,,,,,,,,,,,,
KDD098R,aki,transformer_world_model,3414,one_step,available_gaussian_scoring,0.8417550684242553,0.3270130279448662,0.6066190362440009,0.8559903580968099,0.9226628156963235,0.9539143086711981,2.093638015997787,2.774236032827,0.04729662967708309,"Development-only factual logged-action planning-component validation. Action-information deltas are predictive diagnostics, not causal treatment effects. No confirmatory, policy-winner, treatment-benefit, causal, counterfactual, clinical-utility, deployment, or autonomous-decision claim.",KDD097/KDD098R unchanged,,,,,,,,,,,,
KDD098R,aki,transformer_world_model,3414,recursive,available_gaussian_scoring,2.3626571886544014,0.8225675081969495,0.4189624096071576,0.6356793850029316,0.7238854263936242,0.785389476427284,3.079705288467576,8.161872007350865,0.14652082564225066,"Development-only factual logged-action planning-component validation. Action-information deltas are predictive diagnostics, not causal treatment effects. No confirmatory, policy-winner, treatment-benefit, causal, counterfactual, clinical-utility, deployment, or autonomous-decision claim.",KDD097/KDD098R unchanged,,,,,,,,,,,,
KDD098R,aki,dreamer_v3_categorical_rssm,3408,one_step,available_gaussian_scoring,0.9408730607580861,0.35474008344585484,0.6293187691372234,0.8546179070120958,0.9189710960064279,0.9492236530652132,2.2575313351359885,3.097655998647569,0.050921029772633464,"Development-only factual logged-action planning-component validation. Action-information deltas are predictive diagnostics, not causal treatment effects. No confirmatory, policy-winner, treatment-benefit, causal, counterfactual, clinical-utility, deployment, or autonomous-decision claim.",KDD097/KDD098R unchanged,,,,,,,,,,,,
KDD098R,aki,dreamer_v3_categorical_rssm,3408,recursive,available_gaussian_scoring,1.742432838378024,0.4988937495343127,0.46013377054876325,0.7090838020369606,0.8024929965905883,0.8575321939672957,2.1907630789674126,4.645010112255231,0.08018930921409803,"Development-only factual logged-action planning-component validation. Action-information deltas are predictive diagnostics, not causal treatment effects. No confirmatory, policy-winner, treatment-benefit, causal, counterfactual, clinical-utility, deployment, or autonomous-decision claim.",KDD097/KDD098R unchanged,,,,,,,,,,,,
KDD098R,aki,dreamer_v3_categorical_rssm,3411,one_step,available_gaussian_scoring,0.9420204949316037,0.3554863608843732,0.626899606940433,0.854355143434168,0.9186996460292297,0.948396273534713,2.260307600179314,3.1075898134512903,0.05038953071727939,"Development-only factual logged-action planning-component validation. Action-information deltas are predictive diagnostics, not causal treatment effects. No confirmatory, policy-winner, treatment-benefit, causal, counterfactual, clinical-utility, deployment, or autonomous-decision claim.",KDD097/KDD098R unchanged,,,,,,,,,,,,
KDD098R,aki,dreamer_v3_categorical_rssm,3411,recursive,available_gaussian_scoring,1.7310041209957863,0.5065986956562877,0.45770375035288496,0.7071423918000391,0.7984929097265956,0.8536385154943646,2.2130063839062095,4.711936273399068,0.08325560815652892,"Development-only factual logged-action planning-component validation. Action-information deltas are predictive diagnostics, not causal treatment effects. No confirmatory, policy-winner, treatment-benefit, causal, counterfactual, clinical-utility, deployment, or autonomous-decision claim.",KDD097/KDD098R unchanged,,,,,,,,,,,,
KDD098R,aki,dreamer_v3_categorical_rssm,3414,one_step,available_gaussian_scoring,0.9447821687474685,0.35568415715449164,0.6301352906686356,0.8538035570805012,0.9184672848487481,0.9488067059002367,2.2644888999257233,3.1092525955090844,0.05089985667441199,"Development-only factual logged-action planning-component validation. Action-information deltas are predictive diagnostics, not causal treatment effects. No confirmatory, policy-winner, treatment-benefit, causal, counterfactual, clinical-utility, deployment, or autonomous-decision claim.",KDD097/KDD098R unchanged,,,,,,,,,,,,
KDD098R,aki,dreamer_v3_categorical_rssm,3414,recursive,available_gaussian_scoring,1.7066448863541235,0.5090264239975639,0.4606071793089969,0.7089491628482704,0.8003431127711785,0.8554061977458793,2.2325132900799427,4.728527701771563,0.08117358683141872,"Development-only factual logged-action planning-component validation. Action-information deltas are predictive diagnostics, not causal treatment effects. No confirmatory, policy-winner, treatment-benefit, causal, counterfactual, clinical-utility, deployment, or autonomous-decision claim.",KDD097/KDD098R unchanged,,,,,,,,,,,,
KDD098R,aki,gaussian_transition_ensemble,3408;3411;3414,one_step,available_gaussian_scoring,0.844895216863624,0.32819863368226115,0.6161436730439315,0.862283654368173,0.9269213229386088,0.9566374948424504,2.1245534694334065,2.7885516067876495,0.05299653629829093,"Development-only factual logged-action planning-component validation. Action-information deltas are predictive diagnostics, not causal treatment effects. No confirmatory, policy-winner, treatment-benefit, causal, counterfactual, clinical-utility, deployment, or autonomous-decision claim.",KDD097/KDD098R unchanged,,,,,,,,,,,,
KDD098R,aki,gaussian_transition_ensemble,3408;3411;3414,recursive,available_gaussian_scoring,1.2317782741318413,0.45832368610548396,0.6194618775652023,0.8831223262177246,0.9427718300071662,0.9686268974353406,3.1716874235830423,3.8384582126384004,0.06599573280635843,"Development-only factual logged-action planning-component validation. Action-information deltas are predictive diagnostics, not causal treatment effects. No confirmatory, policy-winner, treatment-benefit, causal, counterfactual, clinical-utility, deployment, or autonomous-decision claim.",KDD097/KDD098R unchanged,,,,,,,,,,,,
KDD122,sepsis,persistence_locf,3408,one_step,not_available,nan,nan,nan,nan,nan,nan,nan,nan,nan,,KDD121/KDD122 large-lineage v2,calibration,P,nan,nan,nan,nan,nan,nan,,,,
KDD122,sepsis,persistence_locf,3408,recursive,not_available,nan,nan,nan,nan,nan,nan,nan,nan,nan,,KDD121/KDD122 large-lineage v2,calibration,P,nan,nan,nan,nan,nan,nan,,,,
KDD122,sepsis,persistence_locf,3408,one_step,,,,,,,,,,,,KDD121/KDD122 large-lineage v2,risk_coverage,P,,,,,,,not_available,0,nan,method_has_no_predictive_scale
KDD122,sepsis,hgb_residual,3408,one_step,available_gaussian_scoring,32.235761115722205,0.3393637055010843,0.6754498317459844,0.876483011565732,0.9291820020416384,0.9547024812938617,2.2249759147080934,3.1770111311358598,0.07145433166180412,,KDD121/KDD122 large-lineage v2,calibration,P,0.9123750735712338,1.552556997460655,1.7335411006011123,2.445162299779209,2.651222326316811,4.064989071389686,,,,
KDD122,sepsis,hgb_residual,3408,recursive,available_gaussian_scoring,32.81892888995255,0.4429578992453715,0.5167284343958519,0.7704563423985201,0.8650430171919588,0.9123864365312607,2.2249759147080934,3.8746152501236732,0.029710659568528086,,KDD121/KDD122 large-lineage v2,calibration,P,0.9123750735712338,1.9891512051936386,1.7335411006011123,2.9901529820405357,2.651222326316811,5.05341890645546,,,,
KDD122,sepsis,hgb_residual,3408,one_step,,,,,,,,,,,,KDD121/KDD122 large-lineage v2,risk_coverage,P,,,,,,,0.25,7998,0.7148132374444758,predictive_scale
KDD122,sepsis,hgb_residual,3408,one_step,,,,,,,,,,,,KDD121/KDD122 large-lineage v2,risk_coverage,P,,,,,,,0.5,15996,0.6984701195283468,predictive_scale
KDD122,sepsis,hgb_residual,3408,one_step,,,,,,,,,,,,KDD121/KDD122 large-lineage v2,risk_coverage,P,,,,,,,0.75,23994,0.6763778503221961,predictive_scale
KDD122,sepsis,hgb_residual,3408,one_step,,,,,,,,,,,,KDD121/KDD122 large-lineage v2,risk_coverage,P,,,,,,,1.0,31992,7.26862300847319,predictive_scale
KDD122,sepsis,hgb_residual,3411,one_step,available_gaussian_scoring,32.180379515032875,0.3391486908019768,0.675773766012902,0.8768090769791425,0.9292970839522537,0.9549326451150926,2.2260821004835445,3.1733960555702825,0.07170314301484768,,KDD121/KDD122 large-lineage v2,calibration,P,0.9128286768312015,1.5514596691049918,1.734402960944844,2.442687132989209,2.6525404279670557,4.058689613727908,,,,
KDD122,sepsis,hgb_residual,3411,recursive,available_gaussian_scoring,32.77567970422786,0.4414133954462565,0.5232944967404114,0.7778791256332169,0.8649364598673148,0.9115531582525451,2.2260821004835445,3.907703112527297,0.029731438246833636,,KDD121/KDD122 large-lineage v2,calibration,P,0.9128286768312014,1.9818196662538818,1.734402960944844,2.995494449921666,2.6525404279670557,5.113911158726771,,,,
KDD122,sepsis,hgb_residual,3411,one_step,,,,,,,,,,,,KDD121/KDD122 large-lineage v2,risk_coverage,P,,,,,,,0.25,7998,0.7161071192573344,predictive_scale
KDD122,sepsis,hgb_residual,3411,one_step,,,,,,,,,,,,KDD121/KDD122 large-lineage v2,risk_coverage,P,,,,,,,0.5,15996,0.6982081511919938,predictive_scale
KDD122,sepsis,hgb_residual,3411,one_step,,,,,,,,,,,,KDD121/KDD122 large-lineage v2,risk_coverage,P,,,,,,,0.75,23994,0.675632469903713,predictive_scale
KDD122,sepsis,hgb_residual,3411,one_step,,,,,,,,,,,,KDD121/KDD122 large-lineage v2,risk_coverage,P,,,,,,,1.0,31992,7.268493958285728,predictive_scale
KDD122,sepsis,hgb_residual,3414,one_step,available_gaussian_scoring,32.1270216265737,0.33755203234532816,0.6703414736025539,0.8749677664092952,0.9291947889205956,0.9548069074720127,2.20975641239217,3.149061271703219,0.06982773410111434,,KDD121/KDD122 large-lineage v2,calibration,P,0.9061341545332269,1.5434222201835386,1.7216831597483864,2.4266740421828765,2.6330871707545986,4.023588397414777,,,,
KDD122,sepsis,hgb_residual,3414,recursive,available_gaussian_scoring,32.49316595704675,0.44357949850829914,0.5089156513529584,0.7617292975101816,0.8495431887492514,0.9050062762264215,2.2097564123921694,3.8691676289954113,0.035659222216775976,,KDD121/KDD122 large-lineage v2,calibration,P,0.9061341545332269,1.989006220094564,1.7216831597483864,3.008390374382099,2.6330871707545986,4.96944142766292,,,,
KDD122,sepsis,hgb_residual,3414,one_step,,,,,,,,,,,,KDD121/KDD122 large-lineage v2,risk_coverage,P,,,,,,,0.25,7998,0.7176423054930716,predictive_scale
KDD122,sepsis,hgb_residual,3414,one_step,,,,,,,,,,,,KDD121/KDD122 large-lineage v2,risk_coverage,P,,,,,,,0.5,15996,0.6990979345850995,predictive_scale
KDD122,sepsis,hgb_residual,3414,one_step,,,,,,,,,,,,KDD121/KDD122 large-lineage v2,risk_coverage,P,,,,,,,0.75,23994,0.6765889573936698,predictive_scale
KDD122,sepsis,hgb_residual,3414,one_step,,,,,,,,,,,,KDD121/KDD122 large-lineage v2,risk_coverage,P,,,,,,,1.0,31992,7.26865438238477,predictive_scale
KDD122,sepsis,grud_world_model,3408,one_step,available_gaussian_scoring,12.845966332286066,0.34067604053405154,0.6390626365265722,0.8633444934371344,0.926957085103073,0.9548260877904486,2.1578834656912558,3.0594755744367097,0.05854757571430705,,KDD121/KDD122 large-lineage v2,calibration,P,0.8848631002041683,1.5461985563623573,1.6812674929895297,2.37896719443758,2.571276742373693,3.8878039197956946,,,,
KDD122,sepsis,grud_world_model,3408,recursive,available_gaussian_scoring,15.412148311565872,0.48146206584765605,0.5616380844402863,0.8249156598775443,0.9046056206857603,0.943251831187624,2.8831551955379484,4.14496309189858,0.02447688345399171,,KDD121/KDD122 large-lineage v2,calibration,P,1.1822684983946592,2.1841880946704064,2.246347026876645,3.2725767160817583,3.435491312115782,5.190743335833255,,,,
KDD122,sepsis,grud_world_model,3408,one_step,,,,,,,,,,,,KDD121/KDD122 large-lineage v2,risk_coverage,P,,,,,,,0.25,7998,0.5651399879971774,predictive_scale
KDD122,sepsis,grud_world_model,3408,one_step,,,,,,,,,,,,KDD121/KDD122 large-lineage v2,risk_coverage,P,,,,,,,0.5,15996,0.5939112113809567,predictive_scale
KDD122,sepsis,grud_world_model,3408,one_step,,,,,,,,,,,,KDD121/KDD122 large-lineage v2,risk_coverage,P,,,,,,,0.75,23994,0.629393677753043,predictive_scale
KDD122,sepsis,grud_world_model,3408,one_step,,,,,,,,,,,,KDD121/KDD122 large-lineage v2,risk_coverage,P,,,,,,,1.0,31992,7.270503324675663,predictive_scale
KDD122,sepsis,grud_world_model,3411,one_step,available_gaussian_scoring,14.944668337803607,0.3325158381803056,0.6352670646227551,0.8630482640746242,0.9254056104562571,0.9549134647966566,2.0915062589378843,2.9740210570834984,0.05715860098757325,,KDD121/KDD122 large-lineage v2,calibration,P,0.8576444195457731,1.506326745006233,1.6295511506734541,2.315355813349557,2.492183422154012,3.777218531876838,,,,
KDD122,sepsis,grud_world_model,3411,recursive,available_gaussian_scoring,25.044354278242587,0.4848864997185095,0.5658961151330582,0.8256317250991516,0.9100720114399944,0.9485903531522853,2.924756166750666,4.0950563921823,0.025752374629979674,,KDD121/KDD122 large-lineage v2,calibration,P,1.1993274197609238,2.2024315952237394,2.278759509612051,3.266147496793062,3.485061926766723,5.0820371962035695,,,,
KDD122,sepsis,grud_world_model,3411,one_step,,,,,,,,,,,,KDD121/KDD122 large-lineage v2,risk_coverage,P,,,,,,,0.25,7998,0.5493417854828211,predictive_scale
KDD122,sepsis,grud_world_model,3411,one_step,,,,,,,,,,,,KDD121/KDD122 large-lineage v2,risk_coverage,P,,,,,,,0.5,15996,0.5802240320383975,predictive_scale
KDD122,sepsis,grud_world_model,3411,one_step,,,,,,,,,,,,KDD121/KDD122 large-lineage v2,risk_coverage,P,,,,,,,0.75,23994,0.6142370713740967,predictive_scale
KDD122,sepsis,grud_world_model,3411,one_step,,,,,,,,,,,,KDD121/KDD122 large-lineage v2,risk_coverage,P,,,,,,,1.0,31992,7.2693942126457705,predictive_scale
KDD122,sepsis,grud_world_model,3414,one_step,available_gaussian_scoring,14.94437622190747,0.3320412000846417,0.6310431322738693,0.8621126907642505,0.9252180695648838,0.9550967433950442,2.082489405324799,2.9588378470553574,0.05586765899951196,,KDD121/KDD122 large-lineage v2,calibration,P,0.8539469626770326,1.5023974759005607,1.6225258672836167,2.304948367719184,2.48143917838305,3.758197603089224,,,,
KDD122,sepsis,grud_world_model,3414,recursive,available_gaussian_scoring,15.618611432056726,0.4765469484925813,0.5541151373204243,0.8214909074634882,0.9015602123474366,0.9400124885184483,2.8374324202347947,4.116128490723634,0.021788442153225146,,KDD121/KDD122 large-lineage v2,calibration,P,1.1635193873569474,2.1659178884212715,2.210723131041366,3.245172385228043,3.3810092649603223,5.155294119235861,,,,
KDD122,sepsis,grud_world_model,3414,one_step,,,,,,,,,,,,KDD121/KDD122 large-lineage v2,risk_coverage,P,,,,,,,0.25,7998,0.544381187510938,predictive_scale
KDD122,sepsis,grud_world_model,3414,one_step,,,,,,,,,,,,KDD121/KDD122 large-lineage v2,risk_coverage,P,,,,,,,0.5,15996,0.5958756370784686,predictive_scale
KDD122,sepsis,grud_world_model,3414,one_step,,,,,,,,,,,,KDD121/KDD122 large-lineage v2,risk_coverage,P,,,,,,,0.75,23994,0.611340119880755,predictive_scale
KDD122,sepsis,grud_world_model,3414,one_step,,,,,,,,,,,,KDD121/KDD122 large-lineage v2,risk_coverage,P,,,,,,,1.0,31992,7.2689426011931175,predictive_scale
KDD122,sepsis,transformer_world_model,3408,one_step,available_gaussian_scoring,13.31313538094423,0.32862061116395763,0.6240913324140989,0.8615543303831162,0.9256357742774881,0.9556359234577425,2.053279980482506,2.904268210874384,0.054229340133111426,,KDD121/KDD122 large-lineage v2,calibration,P,0.8419693268908236,1.4831794845853072,1.5997679856569846,2.2657574816081003,2.446634001945479,3.682052420347906,,,,
KDD122,sepsis,transformer_world_model,3408,recursive,available_gaussian_scoring,20.870273701447417,0.592161386793754,0.4436599457410103,0.6871967112147321,0.775573225127922,0.8298982803778949,2.3828828599297665,5.7543459977979845,0.10341795938461015,,KDD121/KDD122 large-lineage v2,calibration,P,0.9771264984346054,2.629936953076748,1.8565708277107882,4.196213776598522,2.839380056872339,7.963015764781587,,,,
KDD122,sepsis,transformer_world_model,3408,one_step,,,,,,,,,,,,KDD121/KDD122 large-lineage v2,risk_coverage,P,,,,,,,0.25,7998,0.5391609098681506,predictive_scale
KDD122,sepsis,transformer_world_model,3408,one_step,,,,,,,,,,,,KDD121/KDD122 large-lineage v2,risk_coverage,P,,,,,,,0.5,15996,0.5848670533673258,predictive_scale
KDD122,sepsis,transformer_world_model,3408,one_step,,,,,,,,,,,,KDD121/KDD122 large-lineage v2,risk_coverage,P,,,,,,,0.75,23994,0.6048934590289063,predictive_scale
KDD122,sepsis,transformer_world_model,3408,one_step,,,,,,,,,,,,KDD121/KDD122 large-lineage v2,risk_coverage,P,,,,,,,1.0,31992,7.268837656627114,predictive_scale
KDD122,sepsis,transformer_world_model,3411,one_step,available_gaussian_scoring,14.587966469797719,0.33375650091998044,0.632490180742534,0.8627477724191284,0.9256911840863029,0.9547046124403545,2.0887843314761336,2.968588771261944,0.05640843742207996,,KDD121/KDD122 large-lineage v2,calibration,P,0.8565282641969652,1.508357246748864,1.6274304206931396,2.312928630576792,2.488940045536088,3.768188468622072,,,,
KDD122,sepsis,transformer_world_model,3411,recursive,available_gaussian_scoring,22.036788313936594,0.6093826090976082,0.4861102527326626,0.7253719383416697,0.809891077102749,0.8630077722912596,2.7005192032053493,5.638415614842242,0.06640473988291479,,KDD121/KDD122 large-lineage v2,calibration,P,1.1073766643574032,2.722490068548879,2.1040502060145787,4.248096310332722,3.217867104473634,7.464095435019047,,,,
KDD122,sepsis,transformer_world_model,3411,one_step,,,,,,,,,,,,KDD121/KDD122 large-lineage v2,risk_coverage,P,,,,,,,0.25,7998,0.5513643110967092,predictive_scale
KDD122,sepsis,transformer_world_model,3411,one_step,,,,,,,,,,,,KDD121/KDD122 large-lineage v2,risk_coverage,P,,,,,,,0.5,15996,0.5981854017560236,predictive_scale
KDD122,sepsis,transformer_world_model,3411,one_step,,,,,,,,,,,,KDD121/KDD122 large-lineage v2,risk_coverage,P,,,,,,,0.75,23994,0.6213545781619643,predictive_scale
KDD122,sepsis,transformer_world_model,3411,one_step,,,,,,,,,,,,KDD121/KDD122 large-lineage v2,risk_coverage,P,,,,,,,1.0,31992,7.270059897983734,predictive_scale
KDD122,sepsis,transformer_world_model,3414,one_step,available_gaussian_scoring,15.009764502081985,0.3384659946415589,0.6366544409896192,0.8632123623545759,0.9256400365704738,0.9544829732050951,2.116135256498088,3.023182549388319,0.05749745327994099,,KDD121/KDD122 large-lineage v2,calibration,P,0.8677438023356874,1.531346447987305,1.6487402930165158,2.352576941853243,2.5215306828478337,3.842686860373465,,,,
KDD122,sepsis,transformer_world_model,3414,recursive,available_gaussian_scoring,17.696703348623863,0.5705945340034563,0.4695768182409091,0.7147012878518256,0.8035594408724062,0.8567997425575037,2.5434022361558193,5.3185778265148285,0.07634067761933887,,KDD121/KDD122 large-lineage v2,calibration,P,1.0429491784581184,2.5463284523901737,1.9816359730416866,3.976330589814934,3.0306506909694244,7.1459959535532995,,,,
KDD122,sepsis,transformer_world_model,3414,one_step,,,,,,,,,,,,KDD121/KDD122 large-lineage v2,risk_coverage,P,,,,,,,0.25,7998,0.5610481847022253,predictive_scale
KDD122,sepsis,transformer_world_model,3414,one_step,,,,,,,,,,,,KDD121/KDD122 large-lineage v2,risk_coverage,P,,,,,,,0.5,15996,0.6065695488700793,predictive_scale
KDD122,sepsis,transformer_world_model,3414,one_step,,,,,,,,,,,,KDD121/KDD122 large-lineage v2,risk_coverage,P,,,,,,,0.75,23994,0.6305698743133676,predictive_scale
KDD122,sepsis,transformer_world_model,3414,one_step,,,,,,,,,,,,KDD121/KDD122 large-lineage v2,risk_coverage,P,,,,,,,1.0,31992,7.270370140914358,predictive_scale
KDD122,sepsis,dreamer_v3_categorical_rssm,3408,one_step,available_gaussian_scoring,29.604137676858546,0.37204310896304377,0.670482129271084,0.8740236685129499,0.9282720024891791,0.9539949406582259,2.444508871035532,3.4940843285921215,0.0691931852328597,,KDD121/KDD122 large-lineage v2,calibration,P,1.0023969007094553,1.7121619887481332,1.9045853803231305,2.6870529380659134,2.91281197829019,4.448530355624033,,,,
KDD122,sepsis,dreamer_v3_categorical_rssm,3408,recursive,available_gaussian_scoring,30.261565993837532,0.5133865404979915,0.5288866251377253,0.7552207761209297,0.8348872943177241,0.8853016957532643,2.4681489386481665,4.792594755484067,0.050869214736451784,,KDD121/KDD122 large-lineage v2,calibration,P,1.012090762240597,2.3079880100008756,1.9230040196246112,3.615523559937785,2.9409808562703716,6.350347546133358,,,,
KDD122,sepsis,dreamer_v3_categorical_rssm,3408,one_step,,,,,,,,,,,,KDD121/KDD122 large-lineage v2,risk_coverage,P,,,,,,,0.25,7998,0.6691871390429409,predictive_scale
KDD122,sepsis,dreamer_v3_categorical_rssm,3408,one_step,,,,,,,,,,,,KDD121/KDD122 large-lineage v2,risk_coverage,P,,,,,,,0.5,15996,10.254601296708758,predictive_scale
KDD122,sepsis,dreamer_v3_categorical_rssm,3408,one_step,,,,,,,,,,,,KDD121/KDD122 large-lineage v2,risk_coverage,P,,,,,,,0.75,23994,8.38651928856404,predictive_scale
KDD122,sepsis,dreamer_v3_categorical_rssm,3408,one_step,,,,,,,,,,,,KDD121/KDD122 large-lineage v2,risk_coverage,P,,,,,,,1.0,31992,7.274277113660586,predictive_scale
KDD122,sepsis,dreamer_v3_categorical_rssm,3411,one_step,available_gaussian_scoring,29.002384721850902,0.37228171822031214,0.6766837655653613,0.8818385827023364,0.9288665923606922,0.9515888762677658,2.4463829776032933,3.4988534581060344,0.07224445422403891,,KDD121/KDD122 large-lineage v2,calibration,P,1.0031653980699604,1.7123338770928258,1.9060455492807555,2.687265899864826,2.9150451140025804,4.450039835889572,,,,
KDD122,sepsis,dreamer_v3_categorical_rssm,3411,recursive,available_gaussian_scoring,29.057994579044284,0.5191981904452518,0.511313191157447,0.750137991735414,0.834220245465453,0.8867189081710287,2.4627517198349778,4.757345665986938,0.04755901144638783,,KDD121/KDD122 large-lineage v2,calibration,P,1.0098775751767681,2.3280463684109622,1.9187988951647235,3.6089120510263752,2.9345496733874676,6.27482347020891,,,,
KDD122,sepsis,dreamer_v3_categorical_rssm,3411,one_step,,,,,,,,,,,,KDD121/KDD122 large-lineage v2,risk_coverage,P,,,,,,,0.25,7998,0.6627939346877479,predictive_scale
KDD122,sepsis,dreamer_v3_categorical_rssm,3411,one_step,,,,,,,,,,,,KDD121/KDD122 large-lineage v2,risk_coverage,P,,,,,,,0.5,15996,10.254592476746252,predictive_scale
KDD122,sepsis,dreamer_v3_categorical_rssm,3411,one_step,,,,,,,,,,,,KDD121/KDD122 large-lineage v2,risk_coverage,P,,,,,,,0.75,23994,8.38587655261154,predictive_scale
KDD122,sepsis,dreamer_v3_categorical_rssm,3411,one_step,,,,,,,,,,,,KDD121/KDD122 large-lineage v2,risk_coverage,P,,,,,,,1.0,31992,7.273990565966752,predictive_scale
KDD122,sepsis,dreamer_v3_categorical_rssm,3414,one_step,available_gaussian_scoring,28.214186688841053,0.37232077000856967,0.6775213061370625,0.881299402639638,0.9287003629342477,0.9526885478580912,2.448941195875347,3.501079260465591,0.07255240489225986,,KDD121/KDD122 large-lineage v2,calibration,P,1.0042144227217544,1.7137952504161424,1.9080387288426548,2.6903414344242154,2.918093419089223,4.456732492535636,,,,
KDD122,sepsis,dreamer_v3_categorical_rssm,3414,recursive,available_gaussian_scoring,28.962921079550878,0.5156274352811699,0.5239807259111184,0.75623520185154,0.8387297514443846,0.8897813656812956,2.4783026065175804,4.777146589383654,0.047308601733474565,,KDD121/KDD122 large-lineage v2,calibration,P,1.016254381904134,2.317976205215304,1.9309150268661401,3.6133344489714303,2.953079697777574,6.30721878643493,,,,
KDD122,sepsis,dreamer_v3_categorical_rssm,3414,one_step,,,,,,,,,,,,KDD121/KDD122 large-lineage v2,risk_coverage,P,,,,,,,0.25,7998,0.6653801989547031,predictive_scale
KDD122,sepsis,dreamer_v3_categorical_rssm,3414,one_step,,,,,,,,,,,,KDD121/KDD122 large-lineage v2,risk_coverage,P,,,,,,,0.5,15996,10.25420086884897,predictive_scale
KDD122,sepsis,dreamer_v3_categorical_rssm,3414,one_step,,,,,,,,,,,,KDD121/KDD122 large-lineage v2,risk_coverage,P,,,,,,,0.75,23994,8.386036509038528,predictive_scale
KDD122,sepsis,dreamer_v3_categorical_rssm,3414,one_step,,,,,,,,,,,,KDD121/KDD122 large-lineage v2,risk_coverage,P,,,,,,,1.0,31992,7.274060691800234,predictive_scale
KDD122,sepsis,gaussian_transition_ensemble,3408;3411;3414,one_step,available_gaussian_scoring,14.100808513897,0.332430464499937,0.6514211550387762,0.8722526857773677,0.9324106889783497,0.9592631347886222,2.134802637099841,2.980640272654461,0.06633691614577894,,KDD121/KDD122 large-lineage v2,calibration,P,0.8753985605905159,1.5082218660938564,1.6632845724847938,2.3219251785827586,2.5437742387883993,3.777148011873963,,,,
KDD122,sepsis,gaussian_transition_ensemble,3408;3411;3414,recursive,available_gaussian_scoring,17.519346524405808,0.44817751876028256,0.62744575699389,0.8812056321939514,0.9427211757108972,0.9682885401859639,3.0812959845016037,3.920794079959716,0.06741527627117563,,KDD121/KDD122 large-lineage v2,calibration,P,1.2635182394427076,2.042899775192758,2.4007240693890766,3.096645886514503,3.671590624464243,4.865363350074023,,,,
KDD122,sepsis,gaussian_transition_ensemble,3408;3411;3414,one_step,,,,,,,,,,,,KDD121/KDD122 large-lineage v2,risk_coverage,P,,,,,,,0.25,7998,0.5475207533847242,predictive_scale
KDD122,sepsis,gaussian_transition_ensemble,3408;3411;3414,one_step,,,,,,,,,,,,KDD121/KDD122 large-lineage v2,risk_coverage,P,,,,,,,0.5,15996,0.5776746533916196,predictive_scale
KDD122,sepsis,gaussian_transition_ensemble,3408;3411;3414,one_step,,,,,,,,,,,,KDD121/KDD122 large-lineage v2,risk_coverage,P,,,,,,,0.75,23994,0.6130568418285481,predictive_scale
KDD122,sepsis,gaussian_transition_ensemble,3408;3411;3414,one_step,,,,,,,,,,,,KDD121/KDD122 large-lineage v2,risk_coverage,P,,,,,,,1.0,31992,7.269194248619509,predictive_scale
KDD122,heart_failure,persistence_locf,3408,one_step,not_available,nan,nan,nan,nan,nan,nan,nan,nan,nan,,KDD121/KDD122 large-lineage v2,calibration,P,nan,nan,nan,nan,nan,nan,,,,
KDD122,heart_failure,persistence_locf,3408,recursive,not_available,nan,nan,nan,nan,nan,nan,nan,nan,nan,,KDD121/KDD122 large-lineage v2,calibration,P,nan,nan,nan,nan,nan,nan,,,,
KDD122,heart_failure,persistence_locf,3408,one_step,,,,,,,,,,,,KDD121/KDD122 large-lineage v2,risk_coverage,P,,,,,,,not_available,0,nan,method_has_no_predictive_scale
KDD122,heart_failure,hgb_residual,3408,one_step,available_gaussian_scoring,0.8101070420972584,0.29041902814875814,0.6429370782357,0.860260336906585,0.921158473991552,0.9504758258586743,1.9226202296081312,2.6496328763537136,0.05620792874812783,,KDD121/KDD122 large-lineage v2,calibration,P,0.7883909042981248,1.337969645275633,1.4979673113945187,2.0746805001987587,2.2909433059791895,3.3006927211484185,,,,
KDD122,heart_failure,hgb_residual,3408,recursive,available_gaussian_scoring,1.2121610045095976,0.3906790823501793,0.4934600238964711,0.7428941655587904,0.8356696901873012,0.8945694428083402,1.9226202296081312,3.5081412306833615,0.045851669387274294,,KDD121/KDD122 large-lineage v2,calibration,P,0.7883909042981248,1.7600067323629605,1.4979673113945187,2.7047252634420764,2.2909433059791895,4.533471488328253,,,,
KDD122,heart_failure,hgb_residual,3408,one_step,,,,,,,,,,,,KDD121/KDD122 large-lineage v2,risk_coverage,P,,,,,,,0.25,9142,0.5839059381075778,predictive_scale
KDD122,heart_failure,hgb_residual,3408,one_step,,,,,,,,,,,,KDD121/KDD122 large-lineage v2,risk_coverage,P,,,,,,,0.5,18284,0.5672768379580067,predictive_scale
KDD122,heart_failure,hgb_residual,3408,one_step,,,,,,,,,,,,KDD121/KDD122 large-lineage v2,risk_coverage,P,,,,,,,0.75,27426,0.6704162105115443,predictive_scale
KDD122,heart_failure,hgb_residual,3408,one_step,,,,,,,,,,,,KDD121/KDD122 large-lineage v2,risk_coverage,P,,,,,,,1.0,36568,0.7310944149862402,predictive_scale
KDD122,heart_failure,hgb_residual,3411,one_step,available_gaussian_scoring,0.8172303507961655,0.29140061923951843,0.6430569813035356,0.8608577486831698,0.9212489271830773,0.9504253403564277,1.922847383627653,2.666884201372166,0.05639724938155258,,KDD121/KDD122 large-lineage v2,calibration,P,0.7884840512234031,1.34177197050187,1.4981442934581921,2.0843836085618292,2.291213976688067,3.3315902474202765,,,,
KDD122,heart_failure,hgb_residual,3411,recursive,available_gaussian_scoring,1.2711233934551678,0.39582837391015885,0.48658347777796473,0.7514367332514347,0.8472119381384312,0.8966204163371085,1.922847383627653,3.5810105925780786,0.042036858623765216,,KDD121/KDD122 large-lineage v2,calibration,P,0.7884840512234031,1.7737726823101874,1.4981442934581921,2.7267703639367165,2.291213976688067,4.710217837405847,,,,
KDD122,heart_failure,hgb_residual,3411,one_step,,,,,,,,,,,,KDD121/KDD122 large-lineage v2,risk_coverage,P,,,,,,,0.25,9142,0.5882301652948928,predictive_scale
KDD122,heart_failure,hgb_residual,3411,one_step,,,,,,,,,,,,KDD121/KDD122 large-lineage v2,risk_coverage,P,,,,,,,0.5,18284,0.5700711234517917,predictive_scale
KDD122,heart_failure,hgb_residual,3411,one_step,,,,,,,,,,,,KDD121/KDD122 large-lineage v2,risk_coverage,P,,,,,,,0.75,27426,0.6718412741538293,predictive_scale
KDD122,heart_failure,hgb_residual,3411,one_step,,,,,,,,,,,,KDD121/KDD122 large-lineage v2,risk_coverage,P,,,,,,,1.0,36568,0.7334412802911844,predictive_scale
KDD122,heart_failure,hgb_residual,3414,one_step,available_gaussian_scoring,0.8095967747421634,0.2892853736541256,0.6434356225703852,0.8601656765898726,0.9215602544469313,0.9507871531225283,1.9161430387807603,2.6318581967640404,0.05648717668242936,,KDD121/KDD122 large-lineage v2,calibration,P,0.7857348632063574,1.3324481841690827,1.4929207504670683,2.064279521268141,2.2832252570691667,3.2704600017424617,,,,
KDD122,heart_failure,hgb_residual,3414,recursive,available_gaussian_scoring,1.1372287641976118,0.38144801066655404,0.49532798747959544,0.7526462817427595,0.8451904144859734,0.90042786463154,1.9161430387807603,3.3751114915691116,0.03910186291503291,,KDD121/KDD122 large-lineage v2,calibration,P,0.7857348632063574,1.7211653267834393,1.4929207504670685,2.6166633185633006,2.2832252570691667,4.330638290279067,,,,
KDD122,heart_failure,hgb_residual,3414,one_step,,,,,,,,,,,,KDD121/KDD122 large-lineage v2,risk_coverage,P,,,,,,,0.25,9142,0.5797865870139397,predictive_scale
KDD122,heart_failure,hgb_residual,3414,one_step,,,,,,,,,,,,KDD121/KDD122 large-lineage v2,risk_coverage,P,,,,,,,0.5,18284,0.5593809776512151,predictive_scale
KDD122,heart_failure,hgb_residual,3414,one_step,,,,,,,,,,,,KDD121/KDD122 large-lineage v2,risk_coverage,P,,,,,,,0.75,27426,0.6620362141347044,predictive_scale
KDD122,heart_failure,hgb_residual,3414,one_step,,,,,,,,,,,,KDD121/KDD122 large-lineage v2,risk_coverage,P,,,,,,,1.0,36568,0.7259835338673143,predictive_scale
KDD122,heart_failure,grud_world_model,3408,one_step,available_gaussian_scoring,0.6628779193910324,0.27863857593288355,0.6137501472493816,0.8575888124127021,0.9252393854231526,0.9566203321946047,1.8606328714834186,2.4147164285673455,0.05079966931996027,,KDD121/KDD122 large-lineage v2,calibration,P,0.7629723278292011,1.271260056059037,1.4496712231912594,1.9252258057887643,2.2170808130311728,2.9498679191912527,,,,
KDD122,heart_failure,grud_world_model,3408,recursive,available_gaussian_scoring,1.098834296990625,0.4021542246707171,0.5683826127930263,0.829813371926695,0.9078660619625397,0.9432080170977568,2.4689203593474875,3.465303765186063,0.02821350739612602,,KDD121/KDD122 large-lineage v2,calibration,P,1.012407091515285,1.8340490396527585,1.9236050551141586,2.7560461409786434,2.9419000607289467,4.292156399979977,,,,
KDD122,heart_failure,grud_world_model,3408,one_step,,,,,,,,,,,,KDD121/KDD122 large-lineage v2,risk_coverage,P,,,,,,,0.25,9142,0.45237957368429493,predictive_scale
KDD122,heart_failure,grud_world_model,3408,one_step,,,,,,,,,,,,KDD121/KDD122 large-lineage v2,risk_coverage,P,,,,,,,0.5,18284,0.48340902645123146,predictive_scale
KDD122,heart_failure,grud_world_model,3408,one_step,,,,,,,,,,,,KDD121/KDD122 large-lineage v2,risk_coverage,P,,,,,,,0.75,27426,0.6292805482121036,predictive_scale
KDD122,heart_failure,grud_world_model,3408,one_step,,,,,,,,,,,,KDD121/KDD122 large-lineage v2,risk_coverage,P,,,,,,,1.0,36568,0.7212809605216137,predictive_scale
KDD122,heart_failure,grud_world_model,3411,one_step,available_gaussian_scoring,0.6505588385276061,0.2792166407219926,0.6121346111774902,0.8573195564007202,0.9242465038789694,0.9559093280379651,1.867733216502853,2.4235915540192425,0.049902499873786255,,KDD121/KDD122 large-lineage v2,calibration,P,0.765883899935067,1.2748580048345357,1.4552033010165837,1.9317113345498447,2.225541395959571,2.960324884968516,,,,
KDD122,heart_failure,grud_world_model,3411,recursive,available_gaussian_scoring,1.1266937921437743,0.40408843676134815,0.5656563956717096,0.8218345590091378,0.8920241320700739,0.9290994227824243,2.442870419591521,3.63280286918789,0.029091849957087274,,KDD121/KDD122 large-lineage v2,calibration,P,1.0017250362425674,1.8385535186331992,1.9033088168777654,2.8383454168030005,2.9108596429771487,4.549927095372789,,,,
KDD122,heart_failure,grud_world_model,3411,one_step,,,,,,,,,,,,KDD121/KDD122 large-lineage v2,risk_coverage,P,,,,,,,0.25,9142,0.4496773368371278,predictive_scale
KDD122,heart_failure,grud_world_model,3411,one_step,,,,,,,,,,,,KDD121/KDD122 large-lineage v2,risk_coverage,P,,,,,,,0.5,18284,0.48526560056328766,predictive_scale
KDD122,heart_failure,grud_world_model,3411,one_step,,,,,,,,,,,,KDD121/KDD122 large-lineage v2,risk_coverage,P,,,,,,,0.75,27426,0.6284278361707102,predictive_scale
KDD122,heart_failure,grud_world_model,3411,one_step,,,,,,,,,,,,KDD121/KDD122 large-lineage v2,risk_coverage,P,,,,,,,1.0,36568,0.7205443630129839,predictive_scale
KDD122,heart_failure,grud_world_model,3414,one_step,available_gaussian_scoring,0.6444733953660347,0.28042060201306807,0.610733638490147,0.8574541844067112,0.9250963431667872,0.9565067398145499,1.892583451810174,2.4433321053844748,0.049947726469548814,,KDD121/KDD122 large-lineage v2,calibration,P,0.7760740036197418,1.282412779939177,1.474564815889657,1.947196326166377,2.255152277688886,2.98272833237731,,,,
KDD122,heart_failure,grud_world_model,3414,recursive,available_gaussian_scoring,1.1389861592873707,0.43006633364472463,0.5881729296736954,0.8417784359591404,0.9105880719586692,0.9460036517846625,2.8211818973031475,3.7908144335669745,0.036133946451710586,,KDD121/KDD122 large-lineage v2,calibration,P,1.1568556873333553,1.9749480706770053,2.198061893127711,3.0172586102259307,3.3616455725599224,4.618037551274089,,,,
KDD122,heart_failure,grud_world_model,3414,one_step,,,,,,,,,,,,KDD121/KDD122 large-lineage v2,risk_coverage,P,,,,,,,0.25,9142,0.4484071553744555,predictive_scale
KDD122,heart_failure,grud_world_model,3414,one_step,,,,,,,,,,,,KDD121/KDD122 large-lineage v2,risk_coverage,P,,,,,,,0.5,18284,0.6530490130910308,predictive_scale
KDD122,heart_failure,grud_world_model,3414,one_step,,,,,,,,,,,,KDD121/KDD122 large-lineage v2,risk_coverage,P,,,,,,,0.75,27426,0.6261340009299597,predictive_scale
KDD122,heart_failure,grud_world_model,3414,one_step,,,,,,,,,,,,KDD121/KDD122 large-lineage v2,risk_coverage,P,,,,,,,1.0,36568,0.7197505301977564,predictive_scale
KDD122,heart_failure,transformer_world_model,3408,one_step,available_gaussian_scoring,0.5925006069601017,0.2790741649191147,0.6104812109789138,0.8586258687713512,0.9258557292630799,0.9567738922639382,1.8990405863636217,2.438476651269845,0.05043417531932076,,KDD121/KDD122 large-lineage v2,calibration,P,0.7787218204227538,1.276638173949941,1.479595750411922,1.9423354864559617,2.2628464280744995,2.9743650634157497,,,,
KDD122,heart_failure,transformer_world_model,3408,recursive,available_gaussian_scoring,2.792594627020989,0.5766147218945804,0.3921314137623479,0.619196270804234,0.7066203321946047,0.7652886929303468,2.0413700315572756,5.882099584962204,0.16669082257711665,,KDD121/KDD122 large-lineage v2,calibration,P,0.8370855254729948,2.555373842909232,1.5904886106168035,4.190567939553169,2.432442422482919,8.307224567640981,,,,
KDD122,heart_failure,transformer_world_model,3408,one_step,,,,,,,,,,,,KDD121/KDD122 large-lineage v2,risk_coverage,P,,,,,,,0.25,9142,0.4470625585128908,predictive_scale
KDD122,heart_failure,transformer_world_model,3408,one_step,,,,,,,,,,,,KDD121/KDD122 large-lineage v2,risk_coverage,P,,,,,,,0.5,18284,0.48337585947381223,predictive_scale
KDD122,heart_failure,transformer_world_model,3408,one_step,,,,,,,,,,,,KDD121/KDD122 large-lineage v2,risk_coverage,P,,,,,,,0.75,27426,0.6259990731416268,predictive_scale
KDD122,heart_failure,transformer_world_model,3408,one_step,,,,,,,,,,,,KDD121/KDD122 large-lineage v2,risk_coverage,P,,,,,,,1.0,36568,0.7177302643656864,predictive_scale
KDD122,heart_failure,transformer_world_model,3411,one_step,available_gaussian_scoring,0.6065237370158977,0.27962351132861873,0.6100100129579455,0.8570019184490854,0.9248481227807415,0.9562059303636639,1.8976839822781149,2.439980545245137,0.04951649613785905,,KDD121/KDD122 large-lineage v2,calibration,P,0.7781655304673708,1.280894889918136,1.478538782143671,1.9451806528443956,2.2612299346034055,2.976425428366524,,,,
KDD122,heart_failure,transformer_world_model,3411,recursive,available_gaussian_scoring,2.20163919962547,0.477331102205095,0.4255002271847601,0.6803636639011831,0.7722620029281592,0.8279475119061643,2.0512086913167424,4.435816335733871,0.11098164851993333,,KDD121/KDD122 large-lineage v2,calibration,P,0.8411199727056802,2.128445375901393,1.598154186210283,3.312763073873262,2.444165908675692,5.947195658644975,,,,
KDD122,heart_failure,transformer_world_model,3411,one_step,,,,,,,,,,,,KDD121/KDD122 large-lineage v2,risk_coverage,P,,,,,,,0.25,9142,0.4479964636264374,predictive_scale
KDD122,heart_failure,transformer_world_model,3411,one_step,,,,,,,,,,,,KDD121/KDD122 large-lineage v2,risk_coverage,P,,,,,,,0.5,18284,0.4837947853468373,predictive_scale
KDD122,heart_failure,transformer_world_model,3411,one_step,,,,,,,,,,,,KDD121/KDD122 large-lineage v2,risk_coverage,P,,,,,,,0.75,27426,0.6259606242095653,predictive_scale
KDD122,heart_failure,transformer_world_model,3411,one_step,,,,,,,,,,,,KDD121/KDD122 large-lineage v2,risk_coverage,P,,,,,,,1.0,36568,0.7192706657616701,predictive_scale
KDD122,heart_failure,transformer_world_model,3414,one_step,available_gaussian_scoring,0.6314555144479722,0.27714812468009786,0.610007909395352,0.856675866247076,0.9251573464820019,0.956361593995591,1.8607791731648784,2.4020305155186357,0.04955067903000521,,KDD121/KDD122 large-lineage v2,calibration,P,0.7630323203920434,1.26565108182816,1.44978521093208,1.9159283686475461,2.2172551422370304,2.93126142171469,,,,
KDD122,heart_failure,transformer_world_model,3414,recursive,available_gaussian_scoring,1.9671171416626203,0.45559923604830144,0.4264068626626054,0.6815521767665719,0.7775440486007101,0.8352973596082325,1.949367612487812,4.22023729948073,0.10729988809047003,,KDD121/KDD122 large-lineage v2,calibration,P,0.7993589535526663,2.0329706230374502,1.5188069471177328,3.1605170390184334,2.322814778471267,5.646170628497321,,,,
KDD122,heart_failure,transformer_world_model,3414,one_step,,,,,,,,,,,,KDD121/KDD122 large-lineage v2,risk_coverage,P,,,,,,,0.25,9142,0.45030740781533196,predictive_scale
KDD122,heart_failure,transformer_world_model,3414,one_step,,,,,,,,,,,,KDD121/KDD122 large-lineage v2,risk_coverage,P,,,,,,,0.5,18284,0.6466714230090099,predictive_scale
KDD122,heart_failure,transformer_world_model,3414,one_step,,,,,,,,,,,,KDD121/KDD122 large-lineage v2,risk_coverage,P,,,,,,,0.75,27426,0.6234022235831158,predictive_scale
KDD122,heart_failure,transformer_world_model,3414,one_step,,,,,,,,,,,,KDD121/KDD122 large-lineage v2,risk_coverage,P,,,,,,,1.0,36568,0.7171865367828437,predictive_scale
KDD122,heart_failure,dreamer_v3_categorical_rssm,3408,one_step,available_gaussian_scoring,0.8004260359249079,0.3210730310151227,0.6353453208353668,0.8534553119162613,0.9216380862628948,0.9509996129444828,2.213180672612505,2.9139135220944357,0.05285958298975141,,KDD121/KDD122 large-lineage v2,calibration,P,0.9075383089107208,1.4985644898200212,1.7243510968671054,2.3044753668710602,2.637167428472113,3.574807882034334,,,,
KDD122,heart_failure,dreamer_v3_categorical_rssm,3408,recursive,available_gaussian_scoring,1.4395975928516225,0.42336186971129935,0.4804768355687192,0.7149567507530754,0.8067877757770561,0.8646651969776012,2.069919073885366,3.8847309356250324,0.07077836023088703,,KDD121/KDD122 large-lineage v2,calibration,P,0.8487923643750673,1.9132255147275297,1.612731969716283,2.9674121190716227,2.4664607046202005,5.064196950145561,,,,
KDD122,heart_failure,dreamer_v3_categorical_rssm,3408,one_step,,,,,,,,,,,,KDD121/KDD122 large-lineage v2,risk_coverage,P,,,,,,,0.25,9142,0.5180352426763224,predictive_scale
KDD122,heart_failure,dreamer_v3_categorical_rssm,3408,one_step,,,,,,,,,,,,KDD121/KDD122 large-lineage v2,risk_coverage,P,,,,,,,0.5,18284,0.5534293838025311,predictive_scale
KDD122,heart_failure,dreamer_v3_categorical_rssm,3408,one_step,,,,,,,,,,,,KDD121/KDD122 large-lineage v2,risk_coverage,P,,,,,,,0.75,27426,0.6849872628944319,predictive_scale
KDD122,heart_failure,dreamer_v3_categorical_rssm,3408,one_step,,,,,,,,,,,,KDD121/KDD122 large-lineage v2,risk_coverage,P,,,,,,,1.0,36568,0.7753812691183701,predictive_scale
KDD122,heart_failure,dreamer_v3_categorical_rssm,3411,one_step,available_gaussian_scoring,0.8018993944824536,0.31687295189582954,0.6361888494354038,0.8534426905406998,0.920922874981068,0.9508060851858708,2.1403890071187472,2.8561759467620376,0.05284012503576058,,KDD121/KDD122 large-lineage v2,calibration,P,0.8776893111210288,1.472475620682169,1.667637069950912,2.258223501718404,2.5504308092345265,3.5099231733235974,,,,
KDD122,heart_failure,dreamer_v3_categorical_rssm,3411,recursive,available_gaussian_scoring,1.5437284925908703,0.420692346570322,0.48570629217643,0.7239284452148158,0.8164704743954361,0.8687650404725443,1.982889491264213,3.8903138858355466,0.06378243693519345,,KDD121/KDD122 large-lineage v2,calibration,P,0.813104957009462,1.8978866926729498,1.5449247824813044,2.943391132704619,2.3627585607138446,5.131016912434901,,,,
KDD122,heart_failure,dreamer_v3_categorical_rssm,3411,one_step,,,,,,,,,,,,KDD121/KDD122 large-lineage v2,risk_coverage,P,,,,,,,0.25,9142,0.5177255570707636,predictive_scale
KDD122,heart_failure,dreamer_v3_categorical_rssm,3411,one_step,,,,,,,,,,,,KDD121/KDD122 large-lineage v2,risk_coverage,P,,,,,,,0.5,18284,0.558004413660663,predictive_scale
KDD122,heart_failure,dreamer_v3_categorical_rssm,3411,one_step,,,,,,,,,,,,KDD121/KDD122 large-lineage v2,risk_coverage,P,,,,,,,0.75,27426,0.6893238846398974,predictive_scale
KDD122,heart_failure,dreamer_v3_categorical_rssm,3411,one_step,,,,,,,,,,,,KDD121/KDD122 large-lineage v2,risk_coverage,P,,,,,,,1.0,36568,0.7763061092965712,predictive_scale
KDD122,heart_failure,dreamer_v3_categorical_rssm,3414,one_step,available_gaussian_scoring,0.8171027951830229,0.3147611686303549,0.6339695908991468,0.8537918819312388,0.9204537805226932,0.9507429783080625,2.1289822790527513,2.8325925578535216,0.05223955791528534,,KDD121/KDD122 large-lineage v2,calibration,P,0.8730118607766794,1.4610042745468643,1.6587497683872998,2.241716181236936,2.536838854409811,3.4745694537614464,,,,
KDD122,heart_failure,dreamer_v3_categorical_rssm,3414,recursive,available_gaussian_scoring,1.388218244125702,0.41133750116466594,0.5056733083149623,0.739532672534204,0.8288499402588223,0.8811276778351816,2.0173758758605915,3.7942853375551824,0.051540754421688595,,KDD121/KDD122 large-lineage v2,calibration,P,0.827246466351353,1.8606651335509343,1.5717940913640496,2.884605569557998,2.403851622526993,4.975498520871936,,,,
KDD122,heart_failure,dreamer_v3_categorical_rssm,3414,one_step,,,,,,,,,,,,KDD121/KDD122 large-lineage v2,risk_coverage,P,,,,,,,0.25,9142,0.507963568772871,predictive_scale
KDD122,heart_failure,dreamer_v3_categorical_rssm,3414,one_step,,,,,,,,,,,,KDD121/KDD122 large-lineage v2,risk_coverage,P,,,,,,,0.5,18284,0.5444067989234124,predictive_scale
KDD122,heart_failure,dreamer_v3_categorical_rssm,3414,one_step,,,,,,,,,,,,KDD121/KDD122 large-lineage v2,risk_coverage,P,,,,,,,0.75,27426,0.679227347232952,predictive_scale
KDD122,heart_failure,dreamer_v3_categorical_rssm,3414,one_step,,,,,,,,,,,,KDD121/KDD122 large-lineage v2,risk_coverage,P,,,,,,,1.0,36568,0.7710130333682115,predictive_scale
KDD122,heart_failure,gaussian_transition_ensemble,3408;3411;3414,one_step,available_gaussian_scoring,0.6373489594195184,0.2775602686908255,0.6230668259764738,0.8664363966814197,0.9308790367366171,0.9603541557982599,1.8932918735251787,2.4165159350285603,0.05768410379819261,,KDD121/KDD122 large-lineage v2,calibration,P,0.7763644994898653,1.2689896971192431,1.4751167671046796,1.9266540395378973,2.2559964142275573,2.9457459601334577,,,,
KDD122,heart_failure,gaussian_transition_ensemble,3408;3411;3414,recursive,available_gaussian_scoring,1.0351437476363654,0.3931631171019873,0.618186560759302,0.8741228143984653,0.9335673897312489,0.9611030240815845,2.716245579101241,3.4458096978826105,0.05924494724265017,,KDD121/KDD122 large-lineage v2,calibration,P,1.1138254323059342,1.8019160928427345,2.116303066280982,2.748400073340442,3.2366062371589006,4.180887782044469,,,,
KDD122,heart_failure,gaussian_transition_ensemble,3408;3411;3414,one_step,,,,,,,,,,,,KDD121/KDD122 large-lineage v2,risk_coverage,P,,,,,,,0.25,9142,0.4433820630307804,predictive_scale
KDD122,heart_failure,gaussian_transition_ensemble,3408;3411;3414,one_step,,,,,,,,,,,,KDD121/KDD122 large-lineage v2,risk_coverage,P,,,,,,,0.5,18284,0.649827125207268,predictive_scale
KDD122,heart_failure,gaussian_transition_ensemble,3408;3411;3414,one_step,,,,,,,,,,,,KDD121/KDD122 large-lineage v2,risk_coverage,P,,,,,,,0.75,27426,0.6228323565035985,predictive_scale
KDD122,heart_failure,gaussian_transition_ensemble,3408;3411;3414,one_step,,,,,,,,,,,,KDD121/KDD122 large-lineage v2,risk_coverage,P,,,,,,,1.0,36568,0.717875590991251,predictive_scale
