experiment_id,cohort,method_id,seed,diagnostic_stratum,comparator,semantic_valid,observed_action_rmse,comparator_rmse,comparator_minus_observed_delta_rmse,episode_cluster_mean_delta,episode_cluster_ci95_low,episode_cluster_ci95_high,episodes,observed_cells,causal_effect_claimed,shuffle_contract,claim_boundary,lineage,status,reason,component_label,candidate_reward
KDD098R,respiratory,grud_world_model,3408,reward_relevant_features,lowest_setting_reference_class_not_no_action,False,0.8227973520207146,0.8263216229446464,0.0035242709239318,0.0052466834630167,0.004200701092485,0.0062351092051819,3702,41912,False,within_train_frozen_severity_propensity_time_strata,"Development-only factual logged-action planning-component validation. Action-information deltas are predictive diagnostics, not causal treatment effects. No confirmatory, policy-winner, treatment-benefit, causal, counterfactual, clinical-utility, deployment, or autonomous-decision claim.",KDD097/KDD098R unchanged,,,,
KDD098R,respiratory,grud_world_model,3408,reward_relevant_features,matched_shuffle,True,0.8227973520207146,0.8238323056218857,0.0010349536011711,0.0015201452363427,0.0007560351221895,0.0022033715764999,3702,41912,False,within_train_frozen_severity_propensity_time_strata,"Development-only factual logged-action planning-component validation. Action-information deltas are predictive diagnostics, not causal treatment effects. No confirmatory, policy-winner, treatment-benefit, causal, counterfactual, clinical-utility, deployment, or autonomous-decision claim.",KDD097/KDD098R unchanged,,,,
KDD098R,respiratory,grud_world_model,3408,reward_relevant_features,previous_action,True,0.8227973520207146,0.8233662864902229,0.0005689344695083,0.0009007987356475,0.0005235553554234,0.0012546660218583,3702,41912,False,within_train_frozen_severity_propensity_time_strata,"Development-only factual logged-action planning-component validation. Action-information deltas are predictive diagnostics, not causal treatment effects. No confirmatory, policy-winner, treatment-benefit, causal, counterfactual, clinical-utility, deployment, or autonomous-decision claim.",KDD097/KDD098R unchanged,,,,
KDD098R,respiratory,grud_world_model,3411,reward_relevant_features,lowest_setting_reference_class_not_no_action,False,0.8213085781818608,0.8288661784654341,0.0075576002835733,0.0102816944169401,0.0085407935530422,0.0119211105552004,3702,41912,False,within_train_frozen_severity_propensity_time_strata,"Development-only factual logged-action planning-component validation. Action-information deltas are predictive diagnostics, not causal treatment effects. No confirmatory, policy-winner, treatment-benefit, causal, counterfactual, clinical-utility, deployment, or autonomous-decision claim.",KDD097/KDD098R unchanged,,,,
KDD098R,respiratory,grud_world_model,3411,reward_relevant_features,matched_shuffle,True,0.8213085781818608,0.8227760895247888,0.0014675113429279,0.001521417301528,0.0008677612145927,0.0022235179955442,3702,41912,False,within_train_frozen_severity_propensity_time_strata,"Development-only factual logged-action planning-component validation. Action-information deltas are predictive diagnostics, not causal treatment effects. No confirmatory, policy-winner, treatment-benefit, causal, counterfactual, clinical-utility, deployment, or autonomous-decision claim.",KDD097/KDD098R unchanged,,,,
KDD098R,respiratory,grud_world_model,3411,reward_relevant_features,previous_action,True,0.8213085781818608,0.821922143324064,0.0006135651422032,0.0008190917518352,0.0003326243559213,0.0013098674066322,3702,41912,False,within_train_frozen_severity_propensity_time_strata,"Development-only factual logged-action planning-component validation. Action-information deltas are predictive diagnostics, not causal treatment effects. No confirmatory, policy-winner, treatment-benefit, causal, counterfactual, clinical-utility, deployment, or autonomous-decision claim.",KDD097/KDD098R unchanged,,,,
KDD098R,respiratory,grud_world_model,3414,reward_relevant_features,lowest_setting_reference_class_not_no_action,False,0.8202478512729352,0.823601717370823,0.0033538660978877,0.0029653145814538,0.0017123408872337,0.0042013714764715,3702,41912,False,within_train_frozen_severity_propensity_time_strata,"Development-only factual logged-action planning-component validation. Action-information deltas are predictive diagnostics, not causal treatment effects. No confirmatory, policy-winner, treatment-benefit, causal, counterfactual, clinical-utility, deployment, or autonomous-decision claim.",KDD097/KDD098R unchanged,,,,
KDD098R,respiratory,grud_world_model,3414,reward_relevant_features,matched_shuffle,True,0.8202478512729352,0.8215311324656417,0.0012832811927064,0.0010257453403512,0.0003825096643863,0.001678592675915,3702,41912,False,within_train_frozen_severity_propensity_time_strata,"Development-only factual logged-action planning-component validation. Action-information deltas are predictive diagnostics, not causal treatment effects. No confirmatory, policy-winner, treatment-benefit, causal, counterfactual, clinical-utility, deployment, or autonomous-decision claim.",KDD097/KDD098R unchanged,,,,
KDD098R,respiratory,grud_world_model,3414,reward_relevant_features,previous_action,True,0.8202478512729352,0.8208496746399617,0.0006018233670265,0.0007230712262948,0.0003224273123546,0.0011303489457974,3702,41912,False,within_train_frozen_severity_propensity_time_strata,"Development-only factual logged-action planning-component validation. Action-information deltas are predictive diagnostics, not causal treatment effects. No confirmatory, policy-winner, treatment-benefit, causal, counterfactual, clinical-utility, deployment, or autonomous-decision claim.",KDD097/KDD098R unchanged,,,,
KDD098R,respiratory,transformer_world_model,3408,reward_relevant_features,lowest_setting_reference_class_not_no_action,False,0.8196602488012367,0.8198972599636531,0.0002370111624164,0.0002373544993091,-0.0004781101575283,0.0010272678651436,3702,41912,False,within_train_frozen_severity_propensity_time_strata,"Development-only factual logged-action planning-component validation. Action-information deltas are predictive diagnostics, not causal treatment effects. No confirmatory, policy-winner, treatment-benefit, causal, counterfactual, clinical-utility, deployment, or autonomous-decision claim.",KDD097/KDD098R unchanged,,,,
KDD098R,respiratory,transformer_world_model,3408,reward_relevant_features,matched_shuffle,True,0.8196602488012367,0.8203267080376458,0.0006664592364091,0.00079824744869,0.0002021136199181,0.0013455863068226,3702,41912,False,within_train_frozen_severity_propensity_time_strata,"Development-only factual logged-action planning-component validation. Action-information deltas are predictive diagnostics, not causal treatment effects. No confirmatory, policy-winner, treatment-benefit, causal, counterfactual, clinical-utility, deployment, or autonomous-decision claim.",KDD097/KDD098R unchanged,,,,
KDD098R,respiratory,transformer_world_model,3408,reward_relevant_features,previous_action,True,0.8196602488012367,0.8203717502468775,0.0007115014456408,0.0010870405387976,0.0006180522724696,0.0015600384188581,3702,41912,False,within_train_frozen_severity_propensity_time_strata,"Development-only factual logged-action planning-component validation. Action-information deltas are predictive diagnostics, not causal treatment effects. No confirmatory, policy-winner, treatment-benefit, causal, counterfactual, clinical-utility, deployment, or autonomous-decision claim.",KDD097/KDD098R unchanged,,,,
KDD098R,respiratory,transformer_world_model,3411,reward_relevant_features,lowest_setting_reference_class_not_no_action,False,0.8204326719677645,0.821086721570342,0.0006540496025775,0.0026396948198649,0.0012665674295233,0.0040447330665712,3702,41912,False,within_train_frozen_severity_propensity_time_strata,"Development-only factual logged-action planning-component validation. Action-information deltas are predictive diagnostics, not causal treatment effects. No confirmatory, policy-winner, treatment-benefit, causal, counterfactual, clinical-utility, deployment, or autonomous-decision claim.",KDD097/KDD098R unchanged,,,,
KDD098R,respiratory,transformer_world_model,3411,reward_relevant_features,matched_shuffle,True,0.8204326719677645,0.8212854803545598,0.0008528083867953,0.0010684754400654,0.0005670723917718,0.0015875301351301,3702,41912,False,within_train_frozen_severity_propensity_time_strata,"Development-only factual logged-action planning-component validation. Action-information deltas are predictive diagnostics, not causal treatment effects. No confirmatory, policy-winner, treatment-benefit, causal, counterfactual, clinical-utility, deployment, or autonomous-decision claim.",KDD097/KDD098R unchanged,,,,
KDD098R,respiratory,transformer_world_model,3411,reward_relevant_features,previous_action,True,0.8204326719677645,0.8211115432556738,0.0006788712879093,0.0010806263018868,0.0006278247494681,0.001504510873822,3702,41912,False,within_train_frozen_severity_propensity_time_strata,"Development-only factual logged-action planning-component validation. Action-information deltas are predictive diagnostics, not causal treatment effects. No confirmatory, policy-winner, treatment-benefit, causal, counterfactual, clinical-utility, deployment, or autonomous-decision claim.",KDD097/KDD098R unchanged,,,,
KDD098R,respiratory,transformer_world_model,3414,reward_relevant_features,lowest_setting_reference_class_not_no_action,False,0.8202980765527758,0.8212882991229373,0.0009902225701615,0.0012607886356035,0.0005269691356849,0.002022671582356,3702,41912,False,within_train_frozen_severity_propensity_time_strata,"Development-only factual logged-action planning-component validation. Action-information deltas are predictive diagnostics, not causal treatment effects. No confirmatory, policy-winner, treatment-benefit, causal, counterfactual, clinical-utility, deployment, or autonomous-decision claim.",KDD097/KDD098R unchanged,,,,
KDD098R,respiratory,transformer_world_model,3414,reward_relevant_features,matched_shuffle,True,0.8202980765527758,0.8213649644704698,0.001066887917694,0.0010999997417376,0.0005630167200937,0.0016736809535981,3702,41912,False,within_train_frozen_severity_propensity_time_strata,"Development-only factual logged-action planning-component validation. Action-information deltas are predictive diagnostics, not causal treatment effects. No confirmatory, policy-winner, treatment-benefit, causal, counterfactual, clinical-utility, deployment, or autonomous-decision claim.",KDD097/KDD098R unchanged,,,,
KDD098R,respiratory,transformer_world_model,3414,reward_relevant_features,previous_action,True,0.8202980765527758,0.821159010508414,0.0008609339556382,0.0011357496111629,0.0007013959750778,0.0015580064459874,3702,41912,False,within_train_frozen_severity_propensity_time_strata,"Development-only factual logged-action planning-component validation. Action-information deltas are predictive diagnostics, not causal treatment effects. No confirmatory, policy-winner, treatment-benefit, causal, counterfactual, clinical-utility, deployment, or autonomous-decision claim.",KDD097/KDD098R unchanged,,,,
KDD098R,respiratory,dreamer_v3_categorical_rssm,3408,reward_relevant_features,lowest_setting_reference_class_not_no_action,False,0.8667511043309617,0.870823748174337,0.0040726438433753,0.004124163838546,0.0030601068340258,0.0050719356619217,3702,41912,False,within_train_frozen_severity_propensity_time_strata,"Development-only factual logged-action planning-component validation. Action-information deltas are predictive diagnostics, not causal treatment effects. No confirmatory, policy-winner, treatment-benefit, causal, counterfactual, clinical-utility, deployment, or autonomous-decision claim.",KDD097/KDD098R unchanged,,,,
KDD098R,respiratory,dreamer_v3_categorical_rssm,3408,reward_relevant_features,matched_shuffle,True,0.8667511043309617,0.8733143460275212,0.0065632416965595,0.0068121758781577,0.0056332092714886,0.008074845812511,3702,41912,False,within_train_frozen_severity_propensity_time_strata,"Development-only factual logged-action planning-component validation. Action-information deltas are predictive diagnostics, not causal treatment effects. No confirmatory, policy-winner, treatment-benefit, causal, counterfactual, clinical-utility, deployment, or autonomous-decision claim.",KDD097/KDD098R unchanged,,,,
KDD098R,respiratory,dreamer_v3_categorical_rssm,3408,reward_relevant_features,previous_action,True,0.8667511043309617,0.8679561713765543,0.0012050670455926,0.0014024360889569,0.0008730622131745,0.0019682489654394,3702,41912,False,within_train_frozen_severity_propensity_time_strata,"Development-only factual logged-action planning-component validation. Action-information deltas are predictive diagnostics, not causal treatment effects. No confirmatory, policy-winner, treatment-benefit, causal, counterfactual, clinical-utility, deployment, or autonomous-decision claim.",KDD097/KDD098R unchanged,,,,
KDD098R,respiratory,dreamer_v3_categorical_rssm,3411,reward_relevant_features,lowest_setting_reference_class_not_no_action,False,0.8662537647461529,0.8691405241959961,0.0028867594498431,0.0035917541216423,0.002615214826664,0.0046252497046908,3702,41912,False,within_train_frozen_severity_propensity_time_strata,"Development-only factual logged-action planning-component validation. Action-information deltas are predictive diagnostics, not causal treatment effects. No confirmatory, policy-winner, treatment-benefit, causal, counterfactual, clinical-utility, deployment, or autonomous-decision claim.",KDD097/KDD098R unchanged,,,,
KDD098R,respiratory,dreamer_v3_categorical_rssm,3411,reward_relevant_features,matched_shuffle,True,0.8662537647461529,0.8713780308642297,0.0051242661180768,0.0063341647319565,0.0052468168305209,0.0075958522374391,3702,41912,False,within_train_frozen_severity_propensity_time_strata,"Development-only factual logged-action planning-component validation. Action-information deltas are predictive diagnostics, not causal treatment effects. No confirmatory, policy-winner, treatment-benefit, causal, counterfactual, clinical-utility, deployment, or autonomous-decision claim.",KDD097/KDD098R unchanged,,,,
KDD098R,respiratory,dreamer_v3_categorical_rssm,3411,reward_relevant_features,previous_action,True,0.8662537647461529,0.8673916475112767,0.0011378827651238,0.0013587669342584,0.0008692848191574,0.0018492759071745,3702,41912,False,within_train_frozen_severity_propensity_time_strata,"Development-only factual logged-action planning-component validation. Action-information deltas are predictive diagnostics, not causal treatment effects. No confirmatory, policy-winner, treatment-benefit, causal, counterfactual, clinical-utility, deployment, or autonomous-decision claim.",KDD097/KDD098R unchanged,,,,
KDD098R,respiratory,dreamer_v3_categorical_rssm,3414,reward_relevant_features,lowest_setting_reference_class_not_no_action,False,0.866912117628106,0.8687911320798245,0.0018790144517184,0.0017214003373313,0.0009008636012671,0.0025489749233929,3702,41912,False,within_train_frozen_severity_propensity_time_strata,"Development-only factual logged-action planning-component validation. Action-information deltas are predictive diagnostics, not causal treatment effects. No confirmatory, policy-winner, treatment-benefit, causal, counterfactual, clinical-utility, deployment, or autonomous-decision claim.",KDD097/KDD098R unchanged,,,,
KDD098R,respiratory,dreamer_v3_categorical_rssm,3414,reward_relevant_features,matched_shuffle,True,0.866912117628106,0.8709913248362244,0.0040792072081183,0.0037340061392863,0.0026231617637757,0.0048319699428912,3702,41912,False,within_train_frozen_severity_propensity_time_strata,"Development-only factual logged-action planning-component validation. Action-information deltas are predictive diagnostics, not causal treatment effects. No confirmatory, policy-winner, treatment-benefit, causal, counterfactual, clinical-utility, deployment, or autonomous-decision claim.",KDD097/KDD098R unchanged,,,,
KDD098R,respiratory,dreamer_v3_categorical_rssm,3414,reward_relevant_features,previous_action,True,0.866912117628106,0.868375334379066,0.0014632167509599,0.0016509322733887,0.0012374204999511,0.0020677548326895,3702,41912,False,within_train_frozen_severity_propensity_time_strata,"Development-only factual logged-action planning-component validation. Action-information deltas are predictive diagnostics, not causal treatment effects. No confirmatory, policy-winner, treatment-benefit, causal, counterfactual, clinical-utility, deployment, or autonomous-decision claim.",KDD097/KDD098R unchanged,,,,
KDD098R,respiratory,gaussian_transition_ensemble,3408;3411;3414,reward_relevant_features,lowest_setting_reference_class_not_no_action,False,0.8181819119118428,0.8195220672809643,0.0013401553691215,0.0023263385899782,0.0015925980741004,0.0030754383180831,3702,41912,False,within_train_frozen_severity_propensity_time_strata,"Development-only factual logged-action planning-component validation. Action-information deltas are predictive diagnostics, not causal treatment effects. No confirmatory, policy-winner, treatment-benefit, causal, counterfactual, clinical-utility, deployment, or autonomous-decision claim.",KDD097/KDD098R unchanged,,,,
KDD098R,respiratory,gaussian_transition_ensemble,3408;3411;3414,reward_relevant_features,matched_shuffle,True,0.8181819119118428,0.8188017168700101,0.0006198049581673,0.0006018500038116,0.0001055566995678,0.0010982591273504,3702,41912,False,within_train_frozen_severity_propensity_time_strata,"Development-only factual logged-action planning-component validation. Action-information deltas are predictive diagnostics, not causal treatment effects. No confirmatory, policy-winner, treatment-benefit, causal, counterfactual, clinical-utility, deployment, or autonomous-decision claim.",KDD097/KDD098R unchanged,,,,
KDD098R,respiratory,gaussian_transition_ensemble,3408;3411;3414,reward_relevant_features,previous_action,True,0.8181819119118428,0.8187867343224213,0.0006048224105785,0.0008310675262681,0.000431799495096,0.0012212910841314,3702,41912,False,within_train_frozen_severity_propensity_time_strata,"Development-only factual logged-action planning-component validation. Action-information deltas are predictive diagnostics, not causal treatment effects. No confirmatory, policy-winner, treatment-benefit, causal, counterfactual, clinical-utility, deployment, or autonomous-decision claim.",KDD097/KDD098R unchanged,,,,
KDD098R,shock,grud_world_model,3408,reward_relevant_features,no_action,True,0.7761645551665564,0.7801398080651608,0.0039752528986044,0.0042818451407437,0.0035168295499165,0.0050644894576782,8659,77112,False,within_train_frozen_severity_propensity_time_strata,"Development-only factual logged-action planning-component validation. Action-information deltas are predictive diagnostics, not causal treatment effects. No confirmatory, policy-winner, treatment-benefit, causal, counterfactual, clinical-utility, deployment, or autonomous-decision claim.",KDD097/KDD098R unchanged,,,,
KDD098R,shock,grud_world_model,3408,reward_relevant_features,matched_shuffle,True,0.7761645551665564,0.7784580584153692,0.0022935032488128,0.0023035162892828,0.0017320726547557,0.0028519218277883,8659,77112,False,within_train_frozen_severity_propensity_time_strata,"Development-only factual logged-action planning-component validation. Action-information deltas are predictive diagnostics, not causal treatment effects. No confirmatory, policy-winner, treatment-benefit, causal, counterfactual, clinical-utility, deployment, or autonomous-decision claim.",KDD097/KDD098R unchanged,,,,
KDD098R,shock,grud_world_model,3408,reward_relevant_features,previous_action,True,0.7761645551665564,0.7767473375372824,0.000582782370726,0.000389742289863,8.74363929603973e-05,0.00067386851714,8659,77112,False,within_train_frozen_severity_propensity_time_strata,"Development-only factual logged-action planning-component validation. Action-information deltas are predictive diagnostics, not causal treatment effects. No confirmatory, policy-winner, treatment-benefit, causal, counterfactual, clinical-utility, deployment, or autonomous-decision claim.",KDD097/KDD098R unchanged,,,,
KDD098R,shock,grud_world_model,3411,reward_relevant_features,no_action,True,0.7787505851695665,0.7831941094869925,0.004443524317426,0.0052621969792439,0.0044822364512236,0.005958017880739,8659,77112,False,within_train_frozen_severity_propensity_time_strata,"Development-only factual logged-action planning-component validation. Action-information deltas are predictive diagnostics, not causal treatment effects. No confirmatory, policy-winner, treatment-benefit, causal, counterfactual, clinical-utility, deployment, or autonomous-decision claim.",KDD097/KDD098R unchanged,,,,
KDD098R,shock,grud_world_model,3411,reward_relevant_features,matched_shuffle,True,0.7787505851695665,0.7804658682742249,0.0017152831046584,0.0018340201493069,0.0013611761454994,0.0023193722389629,8659,77112,False,within_train_frozen_severity_propensity_time_strata,"Development-only factual logged-action planning-component validation. Action-information deltas are predictive diagnostics, not causal treatment effects. No confirmatory, policy-winner, treatment-benefit, causal, counterfactual, clinical-utility, deployment, or autonomous-decision claim.",KDD097/KDD098R unchanged,,,,
KDD098R,shock,grud_world_model,3411,reward_relevant_features,previous_action,True,0.7787505851695665,0.7792704234630691,0.0005198382935025,0.0002448732080646,-6.320646235197533e-05,0.0005371722824347,8659,77112,False,within_train_frozen_severity_propensity_time_strata,"Development-only factual logged-action planning-component validation. Action-information deltas are predictive diagnostics, not causal treatment effects. No confirmatory, policy-winner, treatment-benefit, causal, counterfactual, clinical-utility, deployment, or autonomous-decision claim.",KDD097/KDD098R unchanged,,,,
KDD098R,shock,grud_world_model,3414,reward_relevant_features,no_action,True,0.780226623000853,0.7834187455002004,0.0031921224993474,0.0030405133127341,0.0023264795874076,0.0036759404433034,8659,77112,False,within_train_frozen_severity_propensity_time_strata,"Development-only factual logged-action planning-component validation. Action-information deltas are predictive diagnostics, not causal treatment effects. No confirmatory, policy-winner, treatment-benefit, causal, counterfactual, clinical-utility, deployment, or autonomous-decision claim.",KDD097/KDD098R unchanged,,,,
KDD098R,shock,grud_world_model,3414,reward_relevant_features,matched_shuffle,True,0.780226623000853,0.7824564052683889,0.0022297822675358,0.001888128595807,0.0013090379369056,0.002425349073543,8659,77112,False,within_train_frozen_severity_propensity_time_strata,"Development-only factual logged-action planning-component validation. Action-information deltas are predictive diagnostics, not causal treatment effects. No confirmatory, policy-winner, treatment-benefit, causal, counterfactual, clinical-utility, deployment, or autonomous-decision claim.",KDD097/KDD098R unchanged,,,,
KDD098R,shock,grud_world_model,3414,reward_relevant_features,previous_action,True,0.780226623000853,0.7809173087312402,0.0006906857303872,0.0004488034209153,0.0001512549690238,0.0007687445186229,8659,77112,False,within_train_frozen_severity_propensity_time_strata,"Development-only factual logged-action planning-component validation. Action-information deltas are predictive diagnostics, not causal treatment effects. No confirmatory, policy-winner, treatment-benefit, causal, counterfactual, clinical-utility, deployment, or autonomous-decision claim.",KDD097/KDD098R unchanged,,,,
KDD098R,shock,transformer_world_model,3408,reward_relevant_features,no_action,True,0.7757562436171934,0.7790382271907308,0.0032819835735373,0.0023587029561231,0.0016047924982564,0.0030382243406393,8659,77112,False,within_train_frozen_severity_propensity_time_strata,"Development-only factual logged-action planning-component validation. Action-information deltas are predictive diagnostics, not causal treatment effects. No confirmatory, policy-winner, treatment-benefit, causal, counterfactual, clinical-utility, deployment, or autonomous-decision claim.",KDD097/KDD098R unchanged,,,,
KDD098R,shock,transformer_world_model,3408,reward_relevant_features,matched_shuffle,True,0.7757562436171934,0.7780202925693915,0.0022640489521981,0.0019324114793072,0.0013186229994548,0.0025808467649758,8659,77112,False,within_train_frozen_severity_propensity_time_strata,"Development-only factual logged-action planning-component validation. Action-information deltas are predictive diagnostics, not causal treatment effects. No confirmatory, policy-winner, treatment-benefit, causal, counterfactual, clinical-utility, deployment, or autonomous-decision claim.",KDD097/KDD098R unchanged,,,,
KDD098R,shock,transformer_world_model,3408,reward_relevant_features,previous_action,True,0.7757562436171934,0.7764779798217122,0.0007217362045187,0.0004202559835742,8.015028039008517e-05,0.000765835696608,8659,77112,False,within_train_frozen_severity_propensity_time_strata,"Development-only factual logged-action planning-component validation. Action-information deltas are predictive diagnostics, not causal treatment effects. No confirmatory, policy-winner, treatment-benefit, causal, counterfactual, clinical-utility, deployment, or autonomous-decision claim.",KDD097/KDD098R unchanged,,,,
KDD098R,shock,transformer_world_model,3411,reward_relevant_features,no_action,True,0.7803183262185371,0.7835207284941944,0.0032024022756572,0.0030574108164043,0.0023959788329818,0.003720381053341,8659,77112,False,within_train_frozen_severity_propensity_time_strata,"Development-only factual logged-action planning-component validation. Action-information deltas are predictive diagnostics, not causal treatment effects. No confirmatory, policy-winner, treatment-benefit, causal, counterfactual, clinical-utility, deployment, or autonomous-decision claim.",KDD097/KDD098R unchanged,,,,
KDD098R,shock,transformer_world_model,3411,reward_relevant_features,matched_shuffle,True,0.7803183262185371,0.7820827330315755,0.0017644068130383,0.0017443363208868,0.0012448604972873,0.002155231430521,8659,77112,False,within_train_frozen_severity_propensity_time_strata,"Development-only factual logged-action planning-component validation. Action-information deltas are predictive diagnostics, not causal treatment effects. No confirmatory, policy-winner, treatment-benefit, causal, counterfactual, clinical-utility, deployment, or autonomous-decision claim.",KDD097/KDD098R unchanged,,,,
KDD098R,shock,transformer_world_model,3411,reward_relevant_features,previous_action,True,0.7803183262185371,0.7811431734638327,0.0008248472452955,0.0004752407210276,0.0001499846022834,0.0008210855321422,8659,77112,False,within_train_frozen_severity_propensity_time_strata,"Development-only factual logged-action planning-component validation. Action-information deltas are predictive diagnostics, not causal treatment effects. No confirmatory, policy-winner, treatment-benefit, causal, counterfactual, clinical-utility, deployment, or autonomous-decision claim.",KDD097/KDD098R unchanged,,,,
KDD098R,shock,transformer_world_model,3414,reward_relevant_features,no_action,True,0.7780545782563842,0.7824462323312403,0.004391654074856,0.0041114760393299,0.003413564348966,0.0047629880057186,8659,77112,False,within_train_frozen_severity_propensity_time_strata,"Development-only factual logged-action planning-component validation. Action-information deltas are predictive diagnostics, not causal treatment effects. No confirmatory, policy-winner, treatment-benefit, causal, counterfactual, clinical-utility, deployment, or autonomous-decision claim.",KDD097/KDD098R unchanged,,,,
KDD098R,shock,transformer_world_model,3414,reward_relevant_features,matched_shuffle,True,0.7780545782563842,0.7798475556646823,0.001792977408298,0.0015397254003768,0.0010304417346066,0.0020184111766368,8659,77112,False,within_train_frozen_severity_propensity_time_strata,"Development-only factual logged-action planning-component validation. Action-information deltas are predictive diagnostics, not causal treatment effects. No confirmatory, policy-winner, treatment-benefit, causal, counterfactual, clinical-utility, deployment, or autonomous-decision claim.",KDD097/KDD098R unchanged,,,,
KDD098R,shock,transformer_world_model,3414,reward_relevant_features,previous_action,True,0.7780545782563842,0.7787515368379285,0.0006969585815442,0.0003070091800208,-1.3719200530450754e-05,0.0006311954949735,8659,77112,False,within_train_frozen_severity_propensity_time_strata,"Development-only factual logged-action planning-component validation. Action-information deltas are predictive diagnostics, not causal treatment effects. No confirmatory, policy-winner, treatment-benefit, causal, counterfactual, clinical-utility, deployment, or autonomous-decision claim.",KDD097/KDD098R unchanged,,,,
KDD098R,shock,dreamer_v3_categorical_rssm,3408,reward_relevant_features,no_action,True,0.8139615663555557,0.8200943884671728,0.006132822111617,0.0053640796819933,0.0045481047914326,0.0060639996030571,8659,77112,False,within_train_frozen_severity_propensity_time_strata,"Development-only factual logged-action planning-component validation. Action-information deltas are predictive diagnostics, not causal treatment effects. No confirmatory, policy-winner, treatment-benefit, causal, counterfactual, clinical-utility, deployment, or autonomous-decision claim.",KDD097/KDD098R unchanged,,,,
KDD098R,shock,dreamer_v3_categorical_rssm,3408,reward_relevant_features,matched_shuffle,True,0.8139615663555557,0.8166118464189976,0.0026502800634419,0.0024675908608027,0.0018831998134235,0.0030575468306311,8659,77112,False,within_train_frozen_severity_propensity_time_strata,"Development-only factual logged-action planning-component validation. Action-information deltas are predictive diagnostics, not causal treatment effects. No confirmatory, policy-winner, treatment-benefit, causal, counterfactual, clinical-utility, deployment, or autonomous-decision claim.",KDD097/KDD098R unchanged,,,,
KDD098R,shock,dreamer_v3_categorical_rssm,3408,reward_relevant_features,previous_action,True,0.8139615663555557,0.8145468489208822,0.0005852825653265,0.0004863640974927,0.0002126190934311,0.0007583510250079,8659,77112,False,within_train_frozen_severity_propensity_time_strata,"Development-only factual logged-action planning-component validation. Action-information deltas are predictive diagnostics, not causal treatment effects. No confirmatory, policy-winner, treatment-benefit, causal, counterfactual, clinical-utility, deployment, or autonomous-decision claim.",KDD097/KDD098R unchanged,,,,
KDD098R,shock,dreamer_v3_categorical_rssm,3411,reward_relevant_features,no_action,True,0.8072806216802156,0.8126500685959105,0.0053694469156948,0.0052649099886133,0.0044655485295347,0.0060527450006476,8659,77112,False,within_train_frozen_severity_propensity_time_strata,"Development-only factual logged-action planning-component validation. Action-information deltas are predictive diagnostics, not causal treatment effects. No confirmatory, policy-winner, treatment-benefit, causal, counterfactual, clinical-utility, deployment, or autonomous-decision claim.",KDD097/KDD098R unchanged,,,,
KDD098R,shock,dreamer_v3_categorical_rssm,3411,reward_relevant_features,matched_shuffle,True,0.8072806216802156,0.8101415452934975,0.0028609236132818,0.0029239994903632,0.0022259280703882,0.0035367205641779,8659,77112,False,within_train_frozen_severity_propensity_time_strata,"Development-only factual logged-action planning-component validation. Action-information deltas are predictive diagnostics, not causal treatment effects. No confirmatory, policy-winner, treatment-benefit, causal, counterfactual, clinical-utility, deployment, or autonomous-decision claim.",KDD097/KDD098R unchanged,,,,
KDD098R,shock,dreamer_v3_categorical_rssm,3411,reward_relevant_features,previous_action,True,0.8072806216802156,0.8081267156245067,0.000846093944291,0.0006819120274568,0.0003733684381131,0.00096865027995,8659,77112,False,within_train_frozen_severity_propensity_time_strata,"Development-only factual logged-action planning-component validation. Action-information deltas are predictive diagnostics, not causal treatment effects. No confirmatory, policy-winner, treatment-benefit, causal, counterfactual, clinical-utility, deployment, or autonomous-decision claim.",KDD097/KDD098R unchanged,,,,
KDD098R,shock,dreamer_v3_categorical_rssm,3414,reward_relevant_features,no_action,True,0.8057316653726746,0.8084566456246808,0.0027249802520061,0.0026239817865637,0.0018403447984759,0.0033547578633911,8659,77112,False,within_train_frozen_severity_propensity_time_strata,"Development-only factual logged-action planning-component validation. Action-information deltas are predictive diagnostics, not causal treatment effects. No confirmatory, policy-winner, treatment-benefit, causal, counterfactual, clinical-utility, deployment, or autonomous-decision claim.",KDD097/KDD098R unchanged,,,,
KDD098R,shock,dreamer_v3_categorical_rssm,3414,reward_relevant_features,matched_shuffle,True,0.8057316653726746,0.8084418979848152,0.0027102326121406,0.0023616630414745,0.0016718633387602,0.0030386547218333,8659,77112,False,within_train_frozen_severity_propensity_time_strata,"Development-only factual logged-action planning-component validation. Action-information deltas are predictive diagnostics, not causal treatment effects. No confirmatory, policy-winner, treatment-benefit, causal, counterfactual, clinical-utility, deployment, or autonomous-decision claim.",KDD097/KDD098R unchanged,,,,
KDD098R,shock,dreamer_v3_categorical_rssm,3414,reward_relevant_features,previous_action,True,0.8057316653726746,0.8064611418521879,0.0007294764795132,0.0005275651986708,0.0002515251875992,0.0007832391431455,8659,77112,False,within_train_frozen_severity_propensity_time_strata,"Development-only factual logged-action planning-component validation. Action-information deltas are predictive diagnostics, not causal treatment effects. No confirmatory, policy-winner, treatment-benefit, causal, counterfactual, clinical-utility, deployment, or autonomous-decision claim.",KDD097/KDD098R unchanged,,,,
KDD098R,shock,gaussian_transition_ensemble,3408;3411;3414,reward_relevant_features,no_action,True,0.7743596349505324,0.7782080693265006,0.0038484343759681,0.0041792777425158,0.0034892216119534,0.004867971686139,8659,77112,False,within_train_frozen_severity_propensity_time_strata,"Development-only factual logged-action planning-component validation. Action-information deltas are predictive diagnostics, not causal treatment effects. No confirmatory, policy-winner, treatment-benefit, causal, counterfactual, clinical-utility, deployment, or autonomous-decision claim.",KDD097/KDD098R unchanged,,,,
KDD098R,shock,gaussian_transition_ensemble,3408;3411;3414,reward_relevant_features,matched_shuffle,True,0.7743596349505324,0.775977493491325,0.0016178585407926,0.0014536125932535,0.0010284245497656,0.0018652642702157,8659,77112,False,within_train_frozen_severity_propensity_time_strata,"Development-only factual logged-action planning-component validation. Action-information deltas are predictive diagnostics, not causal treatment effects. No confirmatory, policy-winner, treatment-benefit, causal, counterfactual, clinical-utility, deployment, or autonomous-decision claim.",KDD097/KDD098R unchanged,,,,
KDD098R,shock,gaussian_transition_ensemble,3408;3411;3414,reward_relevant_features,previous_action,True,0.7743596349505324,0.7749715068623695,0.000611871911837,0.0003790916610094,0.000110737717451,0.0006450718084883,8659,77112,False,within_train_frozen_severity_propensity_time_strata,"Development-only factual logged-action planning-component validation. Action-information deltas are predictive diagnostics, not causal treatment effects. No confirmatory, policy-winner, treatment-benefit, causal, counterfactual, clinical-utility, deployment, or autonomous-decision claim.",KDD097/KDD098R unchanged,,,,
KDD098R,aki,grud_world_model,3408,reward_relevant_features,no_action,True,0.611753956673983,0.6123261334220967,0.0005721767481137,0.0005008162771609,0.0002724564985556,0.0007453725263176,3662,71264,False,within_train_frozen_severity_propensity_time_strata,"Development-only factual logged-action planning-component validation. Action-information deltas are predictive diagnostics, not causal treatment effects. No confirmatory, policy-winner, treatment-benefit, causal, counterfactual, clinical-utility, deployment, or autonomous-decision claim.",KDD097/KDD098R unchanged,,,,
KDD098R,aki,grud_world_model,3408,reward_relevant_features,matched_shuffle,True,0.611753956673983,0.6123451712263644,0.0005912145523814,0.0006543396769286,0.0004068301555914,0.0008984506489526,3662,71264,False,within_train_frozen_severity_propensity_time_strata,"Development-only factual logged-action planning-component validation. Action-information deltas are predictive diagnostics, not causal treatment effects. No confirmatory, policy-winner, treatment-benefit, causal, counterfactual, clinical-utility, deployment, or autonomous-decision claim.",KDD097/KDD098R unchanged,,,,
KDD098R,aki,grud_world_model,3408,reward_relevant_features,previous_action,True,0.611753956673983,0.6118191961654065,6.52394914234522e-05,4.3539330852664206e-05,-1.3554594415582552e-05,9.579165722679628e-05,3662,71264,False,within_train_frozen_severity_propensity_time_strata,"Development-only factual logged-action planning-component validation. Action-information deltas are predictive diagnostics, not causal treatment effects. No confirmatory, policy-winner, treatment-benefit, causal, counterfactual, clinical-utility, deployment, or autonomous-decision claim.",KDD097/KDD098R unchanged,,,,
KDD098R,aki,grud_world_model,3411,reward_relevant_features,no_action,True,0.6095059266655996,0.610433286143405,0.0009273594778054,0.0008776605854461,0.0005845429201129,0.0012028391885222,3662,71264,False,within_train_frozen_severity_propensity_time_strata,"Development-only factual logged-action planning-component validation. Action-information deltas are predictive diagnostics, not causal treatment effects. No confirmatory, policy-winner, treatment-benefit, causal, counterfactual, clinical-utility, deployment, or autonomous-decision claim.",KDD097/KDD098R unchanged,,,,
KDD098R,aki,grud_world_model,3411,reward_relevant_features,matched_shuffle,True,0.6095059266655996,0.6103599478245731,0.0008540211589735,0.0008058722301029,0.0005321775862706,0.0011466047264094,3662,71264,False,within_train_frozen_severity_propensity_time_strata,"Development-only factual logged-action planning-component validation. Action-information deltas are predictive diagnostics, not causal treatment effects. No confirmatory, policy-winner, treatment-benefit, causal, counterfactual, clinical-utility, deployment, or autonomous-decision claim.",KDD097/KDD098R unchanged,,,,
KDD098R,aki,grud_world_model,3411,reward_relevant_features,previous_action,True,0.6095059266655996,0.609595643352853,8.971668725343829e-05,9.688245407599566e-05,3.2937420796191166e-05,0.000162580181043,3662,71264,False,within_train_frozen_severity_propensity_time_strata,"Development-only factual logged-action planning-component validation. Action-information deltas are predictive diagnostics, not causal treatment effects. No confirmatory, policy-winner, treatment-benefit, causal, counterfactual, clinical-utility, deployment, or autonomous-decision claim.",KDD097/KDD098R unchanged,,,,
KDD098R,aki,grud_world_model,3414,reward_relevant_features,no_action,True,0.6097698996874726,0.6104664493916842,0.0006965497042115,0.000689299882808,0.0003802062799033,0.0009690443984139,3662,71264,False,within_train_frozen_severity_propensity_time_strata,"Development-only factual logged-action planning-component validation. Action-information deltas are predictive diagnostics, not causal treatment effects. No confirmatory, policy-winner, treatment-benefit, causal, counterfactual, clinical-utility, deployment, or autonomous-decision claim.",KDD097/KDD098R unchanged,,,,
KDD098R,aki,grud_world_model,3414,reward_relevant_features,matched_shuffle,True,0.6097698996874726,0.6106681587864791,0.0008982590990064,0.0008287192451983,0.0005466787432215,0.0011138203749992,3662,71264,False,within_train_frozen_severity_propensity_time_strata,"Development-only factual logged-action planning-component validation. Action-information deltas are predictive diagnostics, not causal treatment effects. No confirmatory, policy-winner, treatment-benefit, causal, counterfactual, clinical-utility, deployment, or autonomous-decision claim.",KDD097/KDD098R unchanged,,,,
KDD098R,aki,grud_world_model,3414,reward_relevant_features,previous_action,True,0.6097698996874726,0.6098205977746219,5.069808714930346e-05,2.9343828344184667e-05,-4.709824980677442e-05,0.00010119641981,3662,71264,False,within_train_frozen_severity_propensity_time_strata,"Development-only factual logged-action planning-component validation. Action-information deltas are predictive diagnostics, not causal treatment effects. No confirmatory, policy-winner, treatment-benefit, causal, counterfactual, clinical-utility, deployment, or autonomous-decision claim.",KDD097/KDD098R unchanged,,,,
KDD098R,aki,transformer_world_model,3408,reward_relevant_features,no_action,True,0.6074348256226575,0.6081806699210929,0.0007458442984353,0.0005894355233747,0.0002885064651175,0.0009337736612043,3662,71264,False,within_train_frozen_severity_propensity_time_strata,"Development-only factual logged-action planning-component validation. Action-information deltas are predictive diagnostics, not causal treatment effects. No confirmatory, policy-winner, treatment-benefit, causal, counterfactual, clinical-utility, deployment, or autonomous-decision claim.",KDD097/KDD098R unchanged,,,,
KDD098R,aki,transformer_world_model,3408,reward_relevant_features,matched_shuffle,True,0.6074348256226575,0.6084173516545464,0.0009825260318888,0.0010511007586534,0.0006829155884104,0.0013966408454565,3662,71264,False,within_train_frozen_severity_propensity_time_strata,"Development-only factual logged-action planning-component validation. Action-information deltas are predictive diagnostics, not causal treatment effects. No confirmatory, policy-winner, treatment-benefit, causal, counterfactual, clinical-utility, deployment, or autonomous-decision claim.",KDD097/KDD098R unchanged,,,,
KDD098R,aki,transformer_world_model,3408,reward_relevant_features,previous_action,True,0.6074348256226575,0.6075046900471686,6.9864424511068e-05,5.4364644174520654e-05,-1.3020001139494168e-05,0.0001218813657324,3662,71264,False,within_train_frozen_severity_propensity_time_strata,"Development-only factual logged-action planning-component validation. Action-information deltas are predictive diagnostics, not causal treatment effects. No confirmatory, policy-winner, treatment-benefit, causal, counterfactual, clinical-utility, deployment, or autonomous-decision claim.",KDD097/KDD098R unchanged,,,,
KDD098R,aki,transformer_world_model,3411,reward_relevant_features,no_action,True,0.6082745643310405,0.6087651836495369,0.0004906193184963,0.0003774241220396,0.0001316751493332,0.000610075650483,3662,71264,False,within_train_frozen_severity_propensity_time_strata,"Development-only factual logged-action planning-component validation. Action-information deltas are predictive diagnostics, not causal treatment effects. No confirmatory, policy-winner, treatment-benefit, causal, counterfactual, clinical-utility, deployment, or autonomous-decision claim.",KDD097/KDD098R unchanged,,,,
KDD098R,aki,transformer_world_model,3411,reward_relevant_features,matched_shuffle,True,0.6082745643310405,0.6089439272981229,0.0006693629670823,0.0006162100000925,0.000377732838359,0.0008850968536012,3662,71264,False,within_train_frozen_severity_propensity_time_strata,"Development-only factual logged-action planning-component validation. Action-information deltas are predictive diagnostics, not causal treatment effects. No confirmatory, policy-winner, treatment-benefit, causal, counterfactual, clinical-utility, deployment, or autonomous-decision claim.",KDD097/KDD098R unchanged,,,,
KDD098R,aki,transformer_world_model,3411,reward_relevant_features,previous_action,True,0.6082745643310405,0.6082860023661326,1.1438035092070642e-05,-1.1069712672368182e-05,-6.49062141122156e-05,4.172137018840911e-05,3662,71264,False,within_train_frozen_severity_propensity_time_strata,"Development-only factual logged-action planning-component validation. Action-information deltas are predictive diagnostics, not causal treatment effects. No confirmatory, policy-winner, treatment-benefit, causal, counterfactual, clinical-utility, deployment, or autonomous-decision claim.",KDD097/KDD098R unchanged,,,,
KDD098R,aki,transformer_world_model,3414,reward_relevant_features,no_action,True,0.6084520012093267,0.608942853023719,0.0004908518143922,0.0007480625213962,0.0003541076422118,0.0011350706155228,3662,71264,False,within_train_frozen_severity_propensity_time_strata,"Development-only factual logged-action planning-component validation. Action-information deltas are predictive diagnostics, not causal treatment effects. No confirmatory, policy-winner, treatment-benefit, causal, counterfactual, clinical-utility, deployment, or autonomous-decision claim.",KDD097/KDD098R unchanged,,,,
KDD098R,aki,transformer_world_model,3414,reward_relevant_features,matched_shuffle,True,0.6084520012093267,0.6093115196012908,0.000859518391964,0.0008830076738518,0.0004306940482152,0.0013138840437677,3662,71264,False,within_train_frozen_severity_propensity_time_strata,"Development-only factual logged-action planning-component validation. Action-information deltas are predictive diagnostics, not causal treatment effects. No confirmatory, policy-winner, treatment-benefit, causal, counterfactual, clinical-utility, deployment, or autonomous-decision claim.",KDD097/KDD098R unchanged,,,,
KDD098R,aki,transformer_world_model,3414,reward_relevant_features,previous_action,True,0.6084520012093267,0.6084385795621833,-1.3421647143463389e-05,-3.302269958046165e-05,-0.0001226554121347,5.235622389697432e-05,3662,71264,False,within_train_frozen_severity_propensity_time_strata,"Development-only factual logged-action planning-component validation. Action-information deltas are predictive diagnostics, not causal treatment effects. No confirmatory, policy-winner, treatment-benefit, causal, counterfactual, clinical-utility, deployment, or autonomous-decision claim.",KDD097/KDD098R unchanged,,,,
KDD098R,aki,dreamer_v3_categorical_rssm,3408,reward_relevant_features,no_action,True,0.633602460763039,0.6348040875017996,0.0012016267387605,0.0010778370692475,0.0006737522373176,0.001478669448586,3662,71264,False,within_train_frozen_severity_propensity_time_strata,"Development-only factual logged-action planning-component validation. Action-information deltas are predictive diagnostics, not causal treatment effects. No confirmatory, policy-winner, treatment-benefit, causal, counterfactual, clinical-utility, deployment, or autonomous-decision claim.",KDD097/KDD098R unchanged,,,,
KDD098R,aki,dreamer_v3_categorical_rssm,3408,reward_relevant_features,matched_shuffle,True,0.633602460763039,0.6346307021114016,0.0010282413483625,0.0010181544847854,0.0006505311743175,0.0014364231059027,3662,71264,False,within_train_frozen_severity_propensity_time_strata,"Development-only factual logged-action planning-component validation. Action-information deltas are predictive diagnostics, not causal treatment effects. No confirmatory, policy-winner, treatment-benefit, causal, counterfactual, clinical-utility, deployment, or autonomous-decision claim.",KDD097/KDD098R unchanged,,,,
KDD098R,aki,dreamer_v3_categorical_rssm,3408,reward_relevant_features,previous_action,True,0.633602460763039,0.6335610637499892,-4.139701304983756e-05,-5.600150175933853e-05,-0.0001211098650299,1.844049469809907e-05,3662,71264,False,within_train_frozen_severity_propensity_time_strata,"Development-only factual logged-action planning-component validation. Action-information deltas are predictive diagnostics, not causal treatment effects. No confirmatory, policy-winner, treatment-benefit, causal, counterfactual, clinical-utility, deployment, or autonomous-decision claim.",KDD097/KDD098R unchanged,,,,
KDD098R,aki,dreamer_v3_categorical_rssm,3411,reward_relevant_features,no_action,True,0.6319042013440411,0.6334744870275174,0.0015702856834762,0.001576952337034,0.0011551059686865,0.0020246845130897,3662,71264,False,within_train_frozen_severity_propensity_time_strata,"Development-only factual logged-action planning-component validation. Action-information deltas are predictive diagnostics, not causal treatment effects. No confirmatory, policy-winner, treatment-benefit, causal, counterfactual, clinical-utility, deployment, or autonomous-decision claim.",KDD097/KDD098R unchanged,,,,
KDD098R,aki,dreamer_v3_categorical_rssm,3411,reward_relevant_features,matched_shuffle,True,0.6319042013440411,0.6330763213424399,0.0011721199983987,0.0011552480123433,0.000751262368725,0.0016063096289382,3662,71264,False,within_train_frozen_severity_propensity_time_strata,"Development-only factual logged-action planning-component validation. Action-information deltas are predictive diagnostics, not causal treatment effects. No confirmatory, policy-winner, treatment-benefit, causal, counterfactual, clinical-utility, deployment, or autonomous-decision claim.",KDD097/KDD098R unchanged,,,,
KDD098R,aki,dreamer_v3_categorical_rssm,3411,reward_relevant_features,previous_action,True,0.6319042013440411,0.6319819945027848,7.779315874367754e-05,4.323642487046812e-05,-3.7018428883603847e-05,0.0001194943363881,3662,71264,False,within_train_frozen_severity_propensity_time_strata,"Development-only factual logged-action planning-component validation. Action-information deltas are predictive diagnostics, not causal treatment effects. No confirmatory, policy-winner, treatment-benefit, causal, counterfactual, clinical-utility, deployment, or autonomous-decision claim.",KDD097/KDD098R unchanged,,,,
KDD098R,aki,dreamer_v3_categorical_rssm,3414,reward_relevant_features,no_action,True,0.633970461099227,0.6349402633686411,0.0009698022694141,0.0008537305619507,0.0004605641420145,0.0012477314466916,3662,71264,False,within_train_frozen_severity_propensity_time_strata,"Development-only factual logged-action planning-component validation. Action-information deltas are predictive diagnostics, not causal treatment effects. No confirmatory, policy-winner, treatment-benefit, causal, counterfactual, clinical-utility, deployment, or autonomous-decision claim.",KDD097/KDD098R unchanged,,,,
KDD098R,aki,dreamer_v3_categorical_rssm,3414,reward_relevant_features,matched_shuffle,True,0.633970461099227,0.6346221442954152,0.0006516831961882,0.0005787688349974,0.0002092917323986,0.0009376566565809,3662,71264,False,within_train_frozen_severity_propensity_time_strata,"Development-only factual logged-action planning-component validation. Action-information deltas are predictive diagnostics, not causal treatment effects. No confirmatory, policy-winner, treatment-benefit, causal, counterfactual, clinical-utility, deployment, or autonomous-decision claim.",KDD097/KDD098R unchanged,,,,
KDD098R,aki,dreamer_v3_categorical_rssm,3414,reward_relevant_features,previous_action,True,0.633970461099227,0.6340232717619668,5.281066273987722e-05,2.909370670580834e-05,-4.523414863769704e-05,0.0001102373980494,3662,71264,False,within_train_frozen_severity_propensity_time_strata,"Development-only factual logged-action planning-component validation. Action-information deltas are predictive diagnostics, not causal treatment effects. No confirmatory, policy-winner, treatment-benefit, causal, counterfactual, clinical-utility, deployment, or autonomous-decision claim.",KDD097/KDD098R unchanged,,,,
KDD098R,aki,gaussian_transition_ensemble,3408;3411;3414,reward_relevant_features,no_action,True,0.6080437855081217,0.6087721868876099,0.0007284013794882,0.0006827960630447,0.0004282305575409,0.0009381351188617,3662,71264,False,within_train_frozen_severity_propensity_time_strata,"Development-only factual logged-action planning-component validation. Action-information deltas are predictive diagnostics, not causal treatment effects. No confirmatory, policy-winner, treatment-benefit, causal, counterfactual, clinical-utility, deployment, or autonomous-decision claim.",KDD097/KDD098R unchanged,,,,
KDD098R,aki,gaussian_transition_ensemble,3408;3411;3414,reward_relevant_features,matched_shuffle,True,0.6080437855081217,0.6087039467681149,0.0006601612599932,0.0006151002940628,0.000421437047303,0.0008391925502135,3662,71264,False,within_train_frozen_severity_propensity_time_strata,"Development-only factual logged-action planning-component validation. Action-information deltas are predictive diagnostics, not causal treatment effects. No confirmatory, policy-winner, treatment-benefit, causal, counterfactual, clinical-utility, deployment, or autonomous-decision claim.",KDD097/KDD098R unchanged,,,,
KDD098R,aki,gaussian_transition_ensemble,3408;3411;3414,reward_relevant_features,previous_action,True,0.6080437855081217,0.608110903254401,6.711774627932154e-05,5.412029611407181e-05,4.186979395639767e-06,0.0001022470938726,3662,71264,False,within_train_frozen_severity_propensity_time_strata,"Development-only factual logged-action planning-component validation. Action-information deltas are predictive diagnostics, not causal treatment effects. No confirmatory, policy-winner, treatment-benefit, causal, counterfactual, clinical-utility, deployment, or autonomous-decision claim.",KDD097/KDD098R unchanged,,,,
KDD122,sepsis,persistence_locf,3408,overall,no_action,True,5.718282478796401,5.718282478796401,0.0,,,,,,False,,,KDD121/KDD122 large-lineage v2,executed,,,
KDD122,sepsis,persistence_locf,3408,overall,matched_shuffle,False,,,,,,,,,False,,,KDD121/KDD122 large-lineage v2,non_executed,frozen_KDD098R_control_has_no_train_matched_shuffle_surface,,
KDD122,sepsis,hgb_residual,3408,overall,no_action,True,5.710625210495758,5.710672485705732,4.727520997427348e-05,,,,,,False,,,KDD121/KDD122 large-lineage v2,executed,,,
KDD122,sepsis,hgb_residual,3408,overall,matched_shuffle,False,,,,,,,,,False,,,KDD121/KDD122 large-lineage v2,non_executed,frozen_KDD098R_control_has_no_train_matched_shuffle_surface,,
KDD122,sepsis,hgb_residual,3411,overall,no_action,True,5.71051959794108,5.710650158536817,0.00013056059573646195,,,,,,False,,,KDD121/KDD122 large-lineage v2,executed,,,
KDD122,sepsis,hgb_residual,3411,overall,matched_shuffle,False,,,,,,,,,False,,,KDD121/KDD122 large-lineage v2,non_executed,frozen_KDD098R_control_has_no_train_matched_shuffle_surface,,
KDD122,sepsis,hgb_residual,3414,overall,no_action,True,5.710568539379382,5.71061764879742,4.910941803792923e-05,,,,,,False,,,KDD121/KDD122 large-lineage v2,executed,,,
KDD122,sepsis,hgb_residual,3414,overall,matched_shuffle,False,,,,,,,,,False,,,KDD121/KDD122 large-lineage v2,non_executed,frozen_KDD098R_control_has_no_train_matched_shuffle_surface,,
KDD122,sepsis,grud_world_model,3408,reward_relevant_features,no_action,True,0.04209987862729213,0.03891107917044411,-0.003188799456848017,-0.0019384553644105694,-0.0025128749265610592,-0.0013484102851338048,2239,6407,False,,,KDD121/KDD122 large-lineage v2,,,P,
KDD122,sepsis,grud_world_model,3408,reward_relevant_features,matched_shuffle,True,0.04209987862729213,0.041694466623694686,-0.0004054120035974426,-0.0006106395725543689,-0.001149931879073322,-8.092889516174508e-05,2239,6407,False,,,KDD121/KDD122 large-lineage v2,,,P,
KDD122,sepsis,grud_world_model,3408,reward_relevant_features,previous_action,True,0.04209987862729213,0.04217142683428177,7.154820698963837e-05,-0.00012863430047463335,-0.0004500228246355548,0.00018962526611753032,2239,6407,False,,,KDD121/KDD122 large-lineage v2,,,P,
KDD122,sepsis,grud_world_model,3408,reward_prediction,no_action,True,1.1574867762656618,1.1343384856044931,-0.023148290661168636,-0.040271376986807224,-0.058350906283951,-0.022677934991006222,1304,3505,False,,,KDD121/KDD122 large-lineage v2,,,R,sepsis_lactate_delta_component
KDD122,sepsis,grud_world_model,3408,reward_prediction,matched_shuffle,True,1.1574867762656618,1.1464338569150163,-0.011052919350645452,-0.013787609256756445,-0.03207561989338892,0.0031436589772899978,1304,3505,False,,,KDD121/KDD122 large-lineage v2,,,R,sepsis_lactate_delta_component
KDD122,sepsis,grud_world_model,3408,overall_targets,no_action,True,5.713173827729815,5.713198089023196,2.426129338140015e-05,0.00022677784643106548,8.425500132962737e-05,0.00036586415739033143,4001,469231,False,,,KDD121/KDD122 large-lineage v2,,,P,
KDD122,sepsis,grud_world_model,3408,overall_targets,matched_shuffle,True,5.713173827729815,5.713198456994766,2.4629264951059326e-05,2.737084180082501e-05,-0.00010579481542657698,0.00014937941101117322,4001,469231,False,,,KDD121/KDD122 large-lineage v2,,,P,
KDD122,sepsis,grud_world_model,3411,reward_relevant_features,no_action,True,0.015210117673527297,0.01521591166485172,5.793991324422321e-06,0.00017726879766541412,4.3769184427996496e-05,0.00031240911798624543,2239,6407,False,,,KDD121/KDD122 large-lineage v2,,,P,
KDD122,sepsis,grud_world_model,3411,reward_relevant_features,matched_shuffle,True,0.015210117673527297,0.015245732270090752,3.561459656345467e-05,-2.910086916772439e-05,-0.00017137874806307752,0.00011628757558625792,2239,6407,False,,,KDD121/KDD122 large-lineage v2,,,P,
KDD122,sepsis,grud_world_model,3411,reward_relevant_features,previous_action,True,0.015210117673527297,0.015192468672393848,-1.7649001133449027e-05,-6.373176811070682e-05,-0.00016521038005223054,4.1741089049770784e-05,2239,6407,False,,,KDD121/KDD122 large-lineage v2,,,P,
KDD122,sepsis,grud_world_model,3411,reward_prediction,no_action,True,1.1370472356567816,1.1378831451434133,0.000835909486631703,0.0023141739594167363,-0.012909968820662674,0.017365560607197215,1304,3505,False,,,KDD121/KDD122 large-lineage v2,,,R,sepsis_lactate_delta_component
KDD122,sepsis,grud_world_model,3411,reward_prediction,matched_shuffle,True,1.1370472356567816,1.1405402574152572,0.003493021758475656,0.01670613126305633,-0.0017220078530144772,0.033060019525318896,1304,3505,False,,,KDD121/KDD122 large-lineage v2,,,R,sepsis_lactate_delta_component
KDD122,sepsis,grud_world_model,3411,overall_targets,no_action,True,5.711713297632882,5.711729135237282,1.5837604399493443e-05,0.00032834210742227514,0.00015251620975225544,0.0005066877131204826,4001,469231,False,,,KDD121/KDD122 large-lineage v2,,,P,
KDD122,sepsis,grud_world_model,3411,overall_targets,matched_shuffle,True,5.711713297632882,5.711727960967862,1.4663334980014042e-05,0.00019705221404109845,4.477391289253281e-05,0.0003417240241057393,4001,469231,False,,,KDD121/KDD122 large-lineage v2,,,P,
KDD122,sepsis,grud_world_model,3414,reward_relevant_features,no_action,True,0.022075610986962986,0.021321069306623728,-0.0007545416803392581,-0.00032249592732757655,-0.000535740801473841,-9.929377345563506e-05,2239,6407,False,,,KDD121/KDD122 large-lineage v2,,,P,
KDD122,sepsis,grud_world_model,3414,reward_relevant_features,matched_shuffle,True,0.022075610986962986,0.022102385071821152,2.6774084858165875e-05,0.00017411045509065217,-1.7268632636199095e-05,0.00037324468597736904,2239,6407,False,,,KDD121/KDD122 large-lineage v2,,,P,
KDD122,sepsis,grud_world_model,3414,reward_relevant_features,previous_action,True,0.022075610986962986,0.02203564612527701,-3.9964861685976016e-05,-5.629982026304546e-05,-0.00020096892474965144,0.00010012175654623203,2239,6407,False,,,KDD121/KDD122 large-lineage v2,,,P,
KDD122,sepsis,grud_world_model,3414,reward_prediction,no_action,True,1.1997073104882503,1.2101995174591085,0.010492206970858176,0.010679604033720582,-0.006078308270025534,0.028496094611995516,1304,3505,False,,,KDD121/KDD122 large-lineage v2,,,R,sepsis_lactate_delta_component
KDD122,sepsis,grud_world_model,3414,reward_prediction,matched_shuffle,True,1.1997073104882503,1.190998749354212,-0.008708561134038284,-0.007462208673611034,-0.022429569119595653,0.009129531393909507,1304,3505,False,,,KDD121/KDD122 large-lineage v2,,,R,sepsis_lactate_delta_component
KDD122,sepsis,grud_world_model,3414,overall_targets,no_action,True,5.711246854803927,5.711324874480373,7.801967644560648e-05,0.0007609470716546218,0.0005796318808915937,0.0009352943862375662,4001,469231,False,,,KDD121/KDD122 large-lineage v2,,,P,
KDD122,sepsis,grud_world_model,3414,overall_targets,matched_shuffle,True,5.711246854803927,5.711272419414293,2.556461036551383e-05,0.0003037912950765895,0.0001693154593411294,0.00043915786089249447,4001,469231,False,,,KDD121/KDD122 large-lineage v2,,,P,
KDD122,sepsis,transformer_world_model,3408,reward_relevant_features,no_action,True,0.011018888931582193,0.012179124306875342,0.0011602353752931498,0.0012551940629550735,0.0011813366491834501,0.0013204066211171895,2239,6407,False,,,KDD121/KDD122 large-lineage v2,,,P,
KDD122,sepsis,transformer_world_model,3408,reward_relevant_features,matched_shuffle,True,0.011018888931582193,0.011026152763973665,7.26383239147213e-06,3.38264395672338e-05,-3.953868940300922e-05,0.0001058239445899681,2239,6407,False,,,KDD121/KDD122 large-lineage v2,,,P,
KDD122,sepsis,transformer_world_model,3408,reward_relevant_features,previous_action,True,0.011018888931582193,0.011025388157237834,6.49922565564183e-06,-3.328526425099896e-05,-7.776467123747887e-05,1.1930812421208447e-05,2239,6407,False,,,KDD121/KDD122 large-lineage v2,,,P,
KDD122,sepsis,transformer_world_model,3408,reward_prediction,no_action,True,1.2776480542701174,1.292841601787688,0.015193547517570627,0.017334710137344417,0.006960092209532621,0.02813456724654258,1304,3505,False,,,KDD121/KDD122 large-lineage v2,,,R,sepsis_lactate_delta_component
KDD122,sepsis,transformer_world_model,3408,reward_prediction,matched_shuffle,True,1.2776480542701174,1.2783384176433361,0.0006903633732187053,0.0016736005157576715,-0.009695239573806826,0.011877922777215411,1304,3505,False,,,KDD121/KDD122 large-lineage v2,,,R,sepsis_lactate_delta_component
KDD122,sepsis,transformer_world_model,3408,overall_targets,no_action,True,5.711051211152259,5.711161996596618,0.0001107854443596068,0.0009575218405179162,0.0007743302436053363,0.0011151685241173976,4001,469231,False,,,KDD121/KDD122 large-lineage v2,,,P,
KDD122,sepsis,transformer_world_model,3408,overall_targets,matched_shuffle,True,5.711051211152259,5.711057032480975,5.8213287159603055e-06,0.0003454898761559691,0.00020440637930617238,0.0004930578391542768,4001,469231,False,,,KDD121/KDD122 large-lineage v2,,,P,
KDD122,sepsis,transformer_world_model,3411,reward_relevant_features,no_action,True,0.01952141769920185,0.01853905758529212,-0.000982360113909727,-0.000816705829441847,-0.0009584671489465956,-0.0006828219546420359,2239,6407,False,,,KDD121/KDD122 large-lineage v2,,,P,
KDD122,sepsis,transformer_world_model,3411,reward_relevant_features,matched_shuffle,True,0.01952141769920185,0.019648630603283812,0.00012721290408196362,2.5923532872481772e-05,-0.00016947393962981228,0.00022515750739586054,2239,6407,False,,,KDD121/KDD122 large-lineage v2,,,P,
KDD122,sepsis,transformer_world_model,3411,reward_relevant_features,previous_action,True,0.01952141769920185,0.019533591955527976,1.2174256326127203e-05,-3.1452303417561986e-05,-0.0001630147324666071,9.504412987118193e-05,2239,6407,False,,,KDD121/KDD122 large-lineage v2,,,P,
KDD122,sepsis,transformer_world_model,3411,reward_prediction,no_action,True,1.1836406492158622,1.1836121696138233,-2.8479602038888885e-05,0.0016457263532647945,-0.01305251939099264,0.015530592908707844,1304,3505,False,,,KDD121/KDD122 large-lineage v2,,,R,sepsis_lactate_delta_component
KDD122,sepsis,transformer_world_model,3411,reward_prediction,matched_shuffle,True,1.1836406492158622,1.1927770146106906,0.009136365394828427,0.014824287179617828,-0.002332147959870886,0.03139231953962649,1304,3505,False,,,KDD121/KDD122 large-lineage v2,,,R,sepsis_lactate_delta_component
KDD122,sepsis,transformer_world_model,3411,overall_targets,no_action,True,5.712569424666944,5.712628821644699,5.93969777558101e-05,0.0005739635281647553,0.0004218218635029782,0.0007256804439060137,4001,469231,False,,,KDD121/KDD122 large-lineage v2,,,P,
KDD122,sepsis,transformer_world_model,3411,overall_targets,matched_shuffle,True,5.712569424666944,5.712586211522092,1.6786855148609447e-05,0.00015638170935914166,2.6075079612284437e-05,0.00029415477586944647,4001,469231,False,,,KDD121/KDD122 large-lineage v2,,,P,
KDD122,sepsis,transformer_world_model,3414,reward_relevant_features,no_action,True,0.029905826543233153,0.02779257794650772,-0.0021132485967254346,-0.0023510420107657123,-0.0026666503354905984,-0.002034090372898839,2239,6407,False,,,KDD121/KDD122 large-lineage v2,,,P,
KDD122,sepsis,transformer_world_model,3414,reward_relevant_features,matched_shuffle,True,0.029905826543233153,0.029655392572480847,-0.0002504339707523062,-0.0002831755347504511,-0.0006929829786451346,0.00013703459524616647,2239,6407,False,,,KDD121/KDD122 large-lineage v2,,,P,
KDD122,sepsis,transformer_world_model,3414,reward_relevant_features,previous_action,True,0.029905826543233153,0.029887168790959668,-1.8657752273484873e-05,-1.099903227615726e-05,-0.00036034092289608655,0.0003296832734948103,2239,6407,False,,,KDD121/KDD122 large-lineage v2,,,P,
KDD122,sepsis,transformer_world_model,3414,reward_prediction,no_action,True,1.1022640690308576,1.0983321239702952,-0.003931945060562381,-0.002534934237774493,-0.016285698678473213,0.010850060784447989,1304,3505,False,,,KDD121/KDD122 large-lineage v2,,,R,sepsis_lactate_delta_component
KDD122,sepsis,transformer_world_model,3414,reward_prediction,matched_shuffle,True,1.1022640690308576,1.1155076818586154,0.013243612827757767,0.017083522828859853,0.0013204297580659558,0.033827191561517145,1304,3505,False,,,KDD121/KDD122 large-lineage v2,,,R,sepsis_lactate_delta_component
KDD122,sepsis,transformer_world_model,3414,overall_targets,no_action,True,5.713171782050032,5.713231537018067,5.975496803500846e-05,0.0003786354524453708,0.00027287911429584087,0.00048144629157269764,4001,469231,False,,,KDD121/KDD122 large-lineage v2,,,P,
KDD122,sepsis,transformer_world_model,3414,overall_targets,matched_shuffle,True,5.713171782050032,5.713192534300913,2.075225088127297e-05,0.00021348150247546777,9.475947428468651e-05,0.00032759438032528256,4001,469231,False,,,KDD121/KDD122 large-lineage v2,,,P,
KDD122,sepsis,dreamer_v3_categorical_rssm,3408,reward_relevant_features,no_action,True,0.03886789691285103,0.03390481906610727,-0.004963077846743762,-0.004357656726291481,-0.004574257483211183,-0.004154654118249625,2239,6407,False,,,KDD121/KDD122 large-lineage v2,,,P,
KDD122,sepsis,dreamer_v3_categorical_rssm,3408,reward_relevant_features,matched_shuffle,True,0.03886789691285103,0.038511648389064346,-0.00035624852378668415,-0.0001525453695478755,-0.0003541264370511507,6.812826899926527e-05,2239,6407,False,,,KDD121/KDD122 large-lineage v2,,,P,
KDD122,sepsis,dreamer_v3_categorical_rssm,3408,reward_relevant_features,previous_action,True,0.03886789691285103,0.038959046732962535,9.114982011150519e-05,7.41519276849174e-05,-4.1310546808627894e-05,0.00020090355854961232,2239,6407,False,,,KDD121/KDD122 large-lineage v2,,,P,
KDD122,sepsis,dreamer_v3_categorical_rssm,3408,reward_prediction,no_action,True,1.0337780855200884,1.033956540730902,0.00017845521081349958,5.312693858332699e-05,-7.500252433063618e-07,0.00015274649326846792,1304,3505,False,,,KDD121/KDD122 large-lineage v2,,,R,sepsis_lactate_delta_component
KDD122,sepsis,dreamer_v3_categorical_rssm,3408,reward_prediction,matched_shuffle,True,1.0337780855200884,1.034216048939583,0.0004379634194946469,0.0009715496338489212,-1.5168610390249942e-05,0.002865818748193397,1304,3505,False,,,KDD121/KDD122 large-lineage v2,,,R,sepsis_lactate_delta_component
KDD122,sepsis,dreamer_v3_categorical_rssm,3408,overall_targets,no_action,True,5.718415108988115,5.718464619359856,4.951037174105721e-05,0.00036652447948750977,0.0003305952551989888,0.00040105708536538167,4001,469231,False,,,KDD121/KDD122 large-lineage v2,,,P,
KDD122,sepsis,dreamer_v3_categorical_rssm,3408,overall_targets,matched_shuffle,True,5.718415108988115,5.718387545701966,-2.756328614861303e-05,-1.8057446100740793e-05,-4.7545803613731914e-05,7.477668812463639e-06,4001,469231,False,,,KDD121/KDD122 large-lineage v2,,,P,
KDD122,sepsis,dreamer_v3_categorical_rssm,3411,reward_relevant_features,no_action,True,0.08390269917261285,0.08135512315808632,-0.0025475760145265286,-0.003581108393555307,-0.0038163145457673596,-0.0033344233704205445,2239,6407,False,,,KDD121/KDD122 large-lineage v2,,,P,
KDD122,sepsis,dreamer_v3_categorical_rssm,3411,reward_relevant_features,matched_shuffle,True,0.08390269917261285,0.0838502629760839,-5.243619652894882e-05,-0.0002979640425160122,-0.0005584920455522922,-5.6976561018084085e-05,2239,6407,False,,,KDD121/KDD122 large-lineage v2,,,P,
KDD122,sepsis,dreamer_v3_categorical_rssm,3411,reward_relevant_features,previous_action,True,0.08390269917261285,0.08396431101833587,6.161184572302247e-05,-3.419233028617243e-05,-0.00016346676077703623,9.674616684655447e-05,2239,6407,False,,,KDD121/KDD122 large-lineage v2,,,P,
KDD122,sepsis,dreamer_v3_categorical_rssm,3411,reward_prediction,no_action,True,1.0339573864848506,1.0339573864859133,1.0627054791711998e-12,4.422945486980977e-11,0.0,1.3268836460942932e-10,1304,3505,False,,,KDD121/KDD122 large-lineage v2,,,R,sepsis_lactate_delta_component
KDD122,sepsis,dreamer_v3_categorical_rssm,3411,reward_prediction,matched_shuffle,True,1.0339573864848506,1.0339572314482968,-1.550365538172116e-07,-9.325392726283752e-08,-2.7989447015312197e-07,1.3268836460942932e-10,1304,3505,False,,,KDD121/KDD122 large-lineage v2,,,R,sepsis_lactate_delta_component
KDD122,sepsis,dreamer_v3_categorical_rssm,3411,overall_targets,no_action,True,5.718170465953598,5.718186188235557,1.572228195900749e-05,0.00010233658065696887,7.05139273423622e-05,0.00013256734251420013,4001,469231,False,,,KDD121/KDD122 large-lineage v2,,,P,
KDD122,sepsis,dreamer_v3_categorical_rssm,3411,overall_targets,matched_shuffle,True,5.718170465953598,5.718177459254374,6.993300775803846e-06,1.9821360606335918e-05,-9.428979175734664e-06,4.939777780300053e-05,4001,469231,False,,,KDD121/KDD122 large-lineage v2,,,P,
KDD122,sepsis,dreamer_v3_categorical_rssm,3414,reward_relevant_features,no_action,True,0.016811713707001182,0.027856540441555926,0.011044826734554744,0.00988964032415914,0.009433548489649952,0.010311464259049842,2239,6407,False,,,KDD121/KDD122 large-lineage v2,,,P,
KDD122,sepsis,dreamer_v3_categorical_rssm,3414,reward_relevant_features,matched_shuffle,True,0.016811713707001182,0.01664216036105311,-0.00016955334594807164,0.00011114624518781974,-0.00027101354575543706,0.0005132643573974647,2239,6407,False,,,KDD121/KDD122 large-lineage v2,,,P,
KDD122,sepsis,dreamer_v3_categorical_rssm,3414,reward_relevant_features,previous_action,True,0.016811713707001182,0.017057093155200573,0.0002453794481993912,0.0004330155600878187,0.00025218571471318304,0.0005974193071092182,2239,6407,False,,,KDD121/KDD122 large-lineage v2,,,P,
KDD122,sepsis,dreamer_v3_categorical_rssm,3414,reward_prediction,no_action,True,1.1906533773597787,1.2274242957225698,0.036770918362791116,0.04744656006124471,0.028502587591347925,0.06546890064193522,1304,3505,False,,,KDD121/KDD122 large-lineage v2,,,R,sepsis_lactate_delta_component
KDD122,sepsis,dreamer_v3_categorical_rssm,3414,reward_prediction,matched_shuffle,True,1.1906533773597787,1.1994367219567632,0.008783344596984488,0.01962095136000253,-0.0010035014119069358,0.03983942554823351,1304,3505,False,,,KDD121/KDD122 large-lineage v2,,,R,sepsis_lactate_delta_component
KDD122,sepsis,dreamer_v3_categorical_rssm,3414,overall_targets,no_action,True,5.718208147294234,5.718252903323501,4.475602926667932e-05,0.00030089241455280835,0.0002723868459338137,0.00033004103475065666,4001,469231,False,,,KDD121/KDD122 large-lineage v2,,,P,
KDD122,sepsis,dreamer_v3_categorical_rssm,3414,overall_targets,matched_shuffle,True,5.718208147294234,5.718210486540704,2.339246469418299e-06,3.4709591878805186e-05,7.048094992086025e-06,6.23605287341026e-05,4001,469231,False,,,KDD121/KDD122 large-lineage v2,,,P,
KDD122,sepsis,gaussian_transition_ensemble,3408;3411;3414,reward_relevant_features,no_action,True,0.01607002026204205,0.015154649943667465,-0.0009153703183745841,-0.0004169614362566613,-0.0006106024448421109,-0.00020075296190914956,2239,6407,False,,,KDD121/KDD122 large-lineage v2,,,P,
KDD122,sepsis,gaussian_transition_ensemble,3408;3411;3414,reward_relevant_features,matched_shuffle,True,0.01607002026204205,0.015979043830967286,-9.097643107476225e-05,-0.00011643109466205643,-0.0002989897501977113,9.059577450870635e-05,2239,6407,False,,,KDD121/KDD122 large-lineage v2,,,P,
KDD122,sepsis,gaussian_transition_ensemble,3408;3411;3414,reward_relevant_features,previous_action,True,0.01607002026204205,0.01604837565083152,-2.1644611210527853e-05,-4.6976341629007465e-05,-0.00017136554612406712,7.394951940251535e-05,2239,6407,False,,,KDD121/KDD122 large-lineage v2,,,P,
KDD122,sepsis,gaussian_transition_ensemble,3408;3411;3414,reward_prediction,no_action,True,1.1704089177275758,1.152500211697261,-0.017908706030314914,-0.05081669464600571,-0.06814708626287502,-0.03347993418556487,1304,3505,False,,,KDD121/KDD122 large-lineage v2,,,R,sepsis_lactate_delta_component
KDD122,sepsis,gaussian_transition_ensemble,3408;3411;3414,reward_prediction,matched_shuffle,True,1.1704089177275758,1.155531134575258,-0.014877783152317914,-0.03278547350816217,-0.051242316470857044,-0.015272276129259554,1304,3505,False,,,KDD121/KDD122 large-lineage v2,,,R,sepsis_lactate_delta_component
KDD122,sepsis,gaussian_transition_ensemble,3408;3411;3414,overall_targets,no_action,True,5.71150102986858,5.711563651479944,6.26216113639444e-05,0.0006582754482178653,0.0005198459536539309,0.0007947272467027,4001,469231,False,,,KDD121/KDD122 large-lineage v2,,,P,
KDD122,sepsis,gaussian_transition_ensemble,3408;3411;3414,overall_targets,matched_shuffle,True,5.71150102986858,5.711518800904197,1.7771035617286657e-05,0.00013201416199651423,3.35658347505121e-05,0.00022159267899158074,4001,469231,False,,,KDD121/KDD122 large-lineage v2,,,P,
KDD122,heart_failure,persistence_locf,3408,overall,no_action,True,0.7893472049459085,0.7893472049459085,0.0,,,,,,False,,,KDD121/KDD122 large-lineage v2,executed,,,
KDD122,heart_failure,persistence_locf,3408,overall,matched_shuffle,False,,,,,,,,,False,,,KDD121/KDD122 large-lineage v2,non_executed,frozen_KDD098R_control_has_no_train_matched_shuffle_surface,,
KDD122,heart_failure,hgb_residual,3408,overall,no_action,True,0.7204161103688654,0.7211708492053497,0.0007547388364842478,,,,,,False,,,KDD121/KDD122 large-lineage v2,executed,,,
KDD122,heart_failure,hgb_residual,3408,overall,matched_shuffle,False,,,,,,,,,False,,,KDD121/KDD122 large-lineage v2,non_executed,frozen_KDD098R_control_has_no_train_matched_shuffle_surface,,
KDD122,heart_failure,hgb_residual,3411,overall,no_action,True,0.7229080049461474,0.7238021110936183,0.0008941061474708745,,,,,,False,,,KDD121/KDD122 large-lineage v2,executed,,,
KDD122,heart_failure,hgb_residual,3411,overall,matched_shuffle,False,,,,,,,,,False,,,KDD121/KDD122 large-lineage v2,non_executed,frozen_KDD098R_control_has_no_train_matched_shuffle_surface,,
KDD122,heart_failure,hgb_residual,3414,overall,no_action,True,0.7156598458486813,0.7165516658184323,0.0008918199697510731,,,,,,False,,,KDD121/KDD122 large-lineage v2,executed,,,
KDD122,heart_failure,hgb_residual,3414,overall,matched_shuffle,False,,,,,,,,,False,,,KDD121/KDD122 large-lineage v2,non_executed,frozen_KDD098R_control_has_no_train_matched_shuffle_surface,,
KDD122,heart_failure,grud_world_model,3408,reward_relevant_features,no_action,True,0.43625708057496104,0.43695780861669603,0.0007007280417349881,0.00031135210519034627,5.3661460448310316e-06,0.0006137196788971401,4535,81525,False,,,KDD121/KDD122 large-lineage v2,,,P,
KDD122,heart_failure,grud_world_model,3408,reward_relevant_features,matched_shuffle,True,0.43625708057496104,0.43694340082645483,0.0006863202514937883,0.0007190369235637311,0.00043462733759647333,0.0009843904717009532,4535,81525,False,,,KDD121/KDD122 large-lineage v2,,,P,
KDD122,heart_failure,grud_world_model,3408,reward_relevant_features,previous_action,True,0.43625708057496104,0.4361821742105301,-7.490636443091558e-05,-0.00011476774163080483,-0.00017272982716530464,-5.381104174081745e-05,4535,81525,False,,,KDD121/KDD122 large-lineage v2,,,P,
KDD122,heart_failure,grud_world_model,3408,overall_targets,no_action,True,0.7130845783260864,0.7140649383343123,0.0009803600082258779,0.0011395763510977776,0.0009282271027996166,0.0013216148738342882,4536,475384,False,,,KDD121/KDD122 large-lineage v2,,,P,
KDD122,heart_failure,grud_world_model,3408,overall_targets,matched_shuffle,True,0.7130845783260864,0.7138754904496577,0.0007909121235712968,0.0010481400516418888,0.0008998273284632262,0.0012220504880055068,4536,475384,False,,,KDD121/KDD122 large-lineage v2,,,P,
KDD122,heart_failure,grud_world_model,3411,reward_relevant_features,no_action,True,0.4356575414019819,0.4362312936673559,0.000573752265374039,0.000409759420571965,0.00010489732531856536,0.0007412178246568287,4535,81525,False,,,KDD121/KDD122 large-lineage v2,,,P,
KDD122,heart_failure,grud_world_model,3411,reward_relevant_features,matched_shuffle,True,0.4356575414019819,0.4360945337655854,0.0004369923636035056,0.0007011892837853412,0.0004143009184253701,0.0010244029343273852,4535,81525,False,,,KDD121/KDD122 large-lineage v2,,,P,
KDD122,heart_failure,grud_world_model,3411,reward_relevant_features,previous_action,True,0.4356575414019819,0.4356774838294386,1.9942427456731693e-05,2.7570868889605685e-06,-5.608174731211852e-05,6.496244386926046e-05,4535,81525,False,,,KDD121/KDD122 large-lineage v2,,,P,
KDD122,heart_failure,grud_world_model,3411,overall_targets,no_action,True,0.7121213208309086,0.712840284269168,0.0007189634382593901,0.0007855990025839785,0.0005970761120543467,0.000954261349912188,4536,475384,False,,,KDD121/KDD122 large-lineage v2,,,P,
KDD122,heart_failure,grud_world_model,3411,overall_targets,matched_shuffle,True,0.7121213208309086,0.7128799149801563,0.0007585941492477266,0.0010676631398737796,0.0009055604958261548,0.001246181637322202,4536,475384,False,,,KDD121/KDD122 large-lineage v2,,,P,
KDD122,heart_failure,grud_world_model,3414,reward_relevant_features,no_action,True,0.4365269780898287,0.4369116825492372,0.0003847044594084692,9.463598325735533e-05,-0.00018883568853356934,0.0003996047953969852,4535,81525,False,,,KDD121/KDD122 large-lineage v2,,,P,
KDD122,heart_failure,grud_world_model,3414,reward_relevant_features,matched_shuffle,True,0.4365269780898287,0.4369040440219493,0.0003770659321206127,0.00033125194183759903,8.869810929921117e-05,0.0005817513943875064,4535,81525,False,,,KDD121/KDD122 large-lineage v2,,,P,
KDD122,heart_failure,grud_world_model,3414,reward_relevant_features,previous_action,True,0.4365269780898287,0.4364096248334101,-0.00011735325641859529,-0.00017792461100637607,-0.000263718431610043,-9.093689145813172e-05,4535,81525,False,,,KDD121/KDD122 large-lineage v2,,,P,
KDD122,heart_failure,grud_world_model,3414,overall_targets,no_action,True,0.7112025362200151,0.7119883096567652,0.0007857734367501257,0.000910404604166749,0.000728256781214891,0.0010849777353640127,4536,475384,False,,,KDD121/KDD122 large-lineage v2,,,P,
KDD122,heart_failure,grud_world_model,3414,overall_targets,matched_shuffle,True,0.7112025362200151,0.7118700488219807,0.0006675126019656252,0.0009817991714594976,0.0008134169262986887,0.001132032460859118,4536,475384,False,,,KDD121/KDD122 large-lineage v2,,,P,
KDD122,heart_failure,transformer_world_model,3408,reward_relevant_features,no_action,True,0.43275118877887125,0.43318297370324826,0.00043178492437701,0.00018159929698080245,-3.600314622594836e-05,0.00039458081426152556,4535,81525,False,,,KDD121/KDD122 large-lineage v2,,,P,
KDD122,heart_failure,transformer_world_model,3408,reward_relevant_features,matched_shuffle,True,0.43275118877887125,0.43319913630482726,0.00044794752595600507,0.0005227252693257691,0.00031747642492904526,0.0007182103705634271,4535,81525,False,,,KDD121/KDD122 large-lineage v2,,,P,
KDD122,heart_failure,transformer_world_model,3408,reward_relevant_features,previous_action,True,0.43275118877887125,0.4327262800754955,-2.4908703375736696e-05,-3.803450619356265e-05,-7.786470695378036e-05,6.600137395947004e-07,4535,81525,False,,,KDD121/KDD122 large-lineage v2,,,P,
KDD122,heart_failure,transformer_world_model,3408,overall_targets,no_action,True,0.7089113500027945,0.709757436868994,0.0008460868661994692,0.0009127699493592569,0.0007552804068454515,0.0010531340472632947,4536,475384,False,,,KDD121/KDD122 large-lineage v2,,,P,
KDD122,heart_failure,transformer_world_model,3408,overall_targets,matched_shuffle,True,0.7089113500027945,0.7096915881908118,0.0007802381880173126,0.0010016697232874358,0.000868814685802595,0.0011345114094721833,4536,475384,False,,,KDD121/KDD122 large-lineage v2,,,P,
KDD122,heart_failure,transformer_world_model,3411,reward_relevant_features,no_action,True,0.43385887166773435,0.43441089365489194,0.0005520219871575915,9.698029475864731e-05,-0.00021926221277475175,0.0004009720677135461,4535,81525,False,,,KDD121/KDD122 large-lineage v2,,,P,
KDD122,heart_failure,transformer_world_model,3411,reward_relevant_features,matched_shuffle,True,0.43385887166773435,0.4343498377939855,0.0004909661262511578,0.0006087713349255064,0.0003191487174324203,0.000891148791866359,4535,81525,False,,,KDD121/KDD122 large-lineage v2,,,P,
KDD122,heart_failure,transformer_world_model,3411,reward_relevant_features,previous_action,True,0.43385887166773435,0.43376569494891015,-9.317671882419498e-05,-0.00014774919103373245,-0.0002175712823999222,-8.3494408464547e-05,4535,81525,False,,,KDD121/KDD122 large-lineage v2,,,P,
KDD122,heart_failure,transformer_world_model,3411,overall_targets,no_action,True,0.7105840390460475,0.7115968349722902,0.0010127959262427044,0.0011162624260752413,0.0009071764360672157,0.001317276635804156,4536,475384,False,,,KDD121/KDD122 large-lineage v2,,,P,
KDD122,heart_failure,transformer_world_model,3411,overall_targets,matched_shuffle,True,0.7105840390460475,0.7114975047956364,0.0009134657495889487,0.0012183205417449665,0.0010491372580855238,0.0013812899586761757,4536,475384,False,,,KDD121/KDD122 large-lineage v2,,,P,
KDD122,heart_failure,transformer_world_model,3414,reward_relevant_features,no_action,True,0.4339347009897098,0.4342482823440345,0.0003135813543246879,-7.382752526001343e-05,-0.0002794625725180559,0.00014334470048931846,4535,81525,False,,,KDD121/KDD122 large-lineage v2,,,P,
KDD122,heart_failure,transformer_world_model,3414,reward_relevant_features,matched_shuffle,True,0.4339347009897098,0.4342651361102952,0.0003304351205853928,0.00034631913998655424,0.0001354092251595335,0.0005590651518108792,4535,81525,False,,,KDD121/KDD122 large-lineage v2,,,P,
KDD122,heart_failure,transformer_world_model,3414,reward_relevant_features,previous_action,True,0.4339347009897098,0.43386757890005784,-6.712208965198307e-05,-0.00010758064452177041,-0.00017009022556273607,-4.38695593172164e-05,4535,81525,False,,,KDD121/KDD122 large-lineage v2,,,P,
KDD122,heart_failure,transformer_world_model,3414,overall_targets,no_action,True,0.7083808092994104,0.7091893658037208,0.0008085565043104426,0.0008835358281722995,0.0007156541815031662,0.0010402912647622096,4536,475384,False,,,KDD121/KDD122 large-lineage v2,,,P,
KDD122,heart_failure,transformer_world_model,3414,overall_targets,matched_shuffle,True,0.7083808092994104,0.7091470315755333,0.0007662222761228854,0.0010514317286768739,0.0009055949418129034,0.0011956091795757744,4536,475384,False,,,KDD121/KDD122 large-lineage v2,,,P,
KDD122,heart_failure,dreamer_v3_categorical_rssm,3408,reward_relevant_features,no_action,True,0.45980394473318675,0.4606923265087056,0.000888381775518865,0.0008874045028892967,0.0005345781101868848,0.0012308347260714019,4535,81525,False,,,KDD121/KDD122 large-lineage v2,,,P,
KDD122,heart_failure,dreamer_v3_categorical_rssm,3408,reward_relevant_features,matched_shuffle,True,0.45980394473318675,0.4605189047643323,0.0007149600311455728,0.0008704207176489393,0.0005636497430943697,0.0012229881679207985,4535,81525,False,,,KDD121/KDD122 large-lineage v2,,,P,
KDD122,heart_failure,dreamer_v3_categorical_rssm,3408,reward_relevant_features,previous_action,True,0.45980394473318675,0.459613524913244,-0.00019041981994277757,-0.00026758489348582706,-0.00035686092811082997,-0.0001803735808807742,4535,81525,False,,,KDD121/KDD122 large-lineage v2,,,P,
KDD122,heart_failure,dreamer_v3_categorical_rssm,3408,overall_targets,no_action,True,0.7674888490068622,0.76868306229277,0.0011942132859077415,0.001117125826818103,0.0009184295594425589,0.0013165382074492563,4536,475384,False,,,KDD121/KDD122 large-lineage v2,,,P,
KDD122,heart_failure,dreamer_v3_categorical_rssm,3408,overall_targets,matched_shuffle,True,0.7674888490068622,0.7690168489517873,0.0015279999449251402,0.0020209527122961573,0.0018251405154163438,0.00226541130479414,4536,475384,False,,,KDD121/KDD122 large-lineage v2,,,P,
KDD122,heart_failure,dreamer_v3_categorical_rssm,3411,reward_relevant_features,no_action,True,0.459145437910081,0.45956437783939347,0.0004189399293124674,0.00023048871243916655,-4.802786567895324e-05,0.0005206601902344235,4535,81525,False,,,KDD121/KDD122 large-lineage v2,,,P,
KDD122,heart_failure,dreamer_v3_categorical_rssm,3411,reward_relevant_features,matched_shuffle,True,0.459145437910081,0.45979229673222427,0.0006468588221432703,0.0006987233668659487,0.000416896318233564,0.0009685531564096258,4535,81525,False,,,KDD121/KDD122 large-lineage v2,,,P,
KDD122,heart_failure,dreamer_v3_categorical_rssm,3411,reward_relevant_features,previous_action,True,0.459145437910081,0.45898972608956634,-0.00015571182051465904,-0.0002334290278517753,-0.00029912898646624036,-0.00016359996031761916,4535,81525,False,,,KDD121/KDD122 large-lineage v2,,,P,
KDD122,heart_failure,dreamer_v3_categorical_rssm,3411,overall_targets,no_action,True,0.7684493505565921,0.7694452810007557,0.000995930444163573,0.0008608061161408893,0.0006740162353042975,0.0010619005372893239,4536,475384,False,,,KDD121/KDD122 large-lineage v2,,,P,
KDD122,heart_failure,dreamer_v3_categorical_rssm,3411,overall_targets,matched_shuffle,True,0.7684493505565921,0.7702251125834514,0.001775762026859251,0.0023747894805464767,0.0021619507628651254,0.00260769086777737,4536,475384,False,,,KDD121/KDD122 large-lineage v2,,,P,
KDD122,heart_failure,dreamer_v3_categorical_rssm,3414,reward_relevant_features,no_action,True,0.45582231996270733,0.45590527101611433,8.295105340699882e-05,0.00021845282850032857,-4.109333994112428e-05,0.00048236843386730574,4535,81525,False,,,KDD121/KDD122 large-lineage v2,,,P,
KDD122,heart_failure,dreamer_v3_categorical_rssm,3414,reward_relevant_features,matched_shuffle,True,0.45582231996270733,0.4566019432862604,0.0007796233235530803,0.0008897396301092896,0.0006384267408205968,0.001160344445204448,4535,81525,False,,,KDD121/KDD122 large-lineage v2,,,P,
KDD122,heart_failure,dreamer_v3_categorical_rssm,3414,reward_relevant_features,previous_action,True,0.45582231996270733,0.4557200822557029,-0.00010223770700446,-0.00013286199164917265,-0.00018613521059782323,-7.243646761276392e-05,4535,81525,False,,,KDD121/KDD122 large-lineage v2,,,P,
KDD122,heart_failure,dreamer_v3_categorical_rssm,3414,overall_targets,no_action,True,0.7635781536503782,0.7640181431162231,0.0004399894658448922,0.00018460794411025538,9.990166209081652e-06,0.0003380154465341928,4536,475384,False,,,KDD121/KDD122 large-lineage v2,,,P,
KDD122,heart_failure,dreamer_v3_categorical_rssm,3414,overall_targets,matched_shuffle,True,0.7635781536503782,0.765089170324258,0.0015110166738798725,0.002062328765172222,0.001853927728669471,0.002295444401502649,4536,475384,False,,,KDD121/KDD122 large-lineage v2,,,P,
KDD122,heart_failure,gaussian_transition_ensemble,3408;3411;3414,reward_relevant_features,no_action,True,0.4344149241923453,0.4349619270934106,0.0005470029010652966,0.000260855683024291,-2.7205787512264477e-05,0.0005522053216386266,4535,81525,False,,,KDD121/KDD122 large-lineage v2,,,P,
KDD122,heart_failure,gaussian_transition_ensemble,3408;3411;3414,reward_relevant_features,matched_shuffle,True,0.4344149241923453,0.4347951402629481,0.00038021607060279017,0.0004453325016668216,0.00023188684561542262,0.0006812421144283277,4535,81525,False,,,KDD121/KDD122 large-lineage v2,,,P,
KDD122,heart_failure,gaussian_transition_ensemble,3408;3411;3414,reward_relevant_features,previous_action,True,0.4344149241923453,0.43435369558637166,-6.122860597362889e-05,-0.00010222140804046029,-0.00015384888139357363,-4.792063512120103e-05,4535,81525,False,,,KDD121/KDD122 large-lineage v2,,,P,
KDD122,heart_failure,gaussian_transition_ensemble,3408;3411;3414,overall_targets,no_action,True,0.7092763041061533,0.7101086610565476,0.0008323569503942974,0.0009546537568327773,0.000786050736795135,0.0011155088976982906,4536,475384,False,,,KDD121/KDD122 large-lineage v2,,,P,
KDD122,heart_failure,gaussian_transition_ensemble,3408;3411;3414,overall_targets,matched_shuffle,True,0.7092763041061533,0.7098883111159813,0.0006120070098279973,0.000851842405068848,0.0007240399324733137,0.0009696906452534277,4536,475384,False,,,KDD121/KDD122 large-lineage v2,,,P,
